{"edge_weights": {"1": {"3 sunglass_concept3-1 sunglass_concept2": 0.5634615384615385, "3 sunglass_concept6-1 sunglass_concept2": 0.4375, "3 sunglass_concept2-1 sunglass_concept2": 0.546875, "3 sunglass_concept1-1 sunglass_concept2": 0.48478260869565226, "3 sunglass_concept4-1 sunglass_concept2": 0.523076923076923, "3 sunglass_concept5-1 sunglass_concept2": 0.49000000000000005, "3 sunglass_concept3-1 sunglass_concept7": 0.5692307692307692, "3 sunglass_concept6-1 sunglass_concept7": 0.4425, "3 sunglass_concept2-1 sunglass_concept7": 0.525, "3 sunglass_concept1-1 sunglass_concept7": 0.5021739130434782, "3 sunglass_concept4-1 sunglass_concept7": 0.5307692307692308, "3 sunglass_concept5-1 sunglass_concept7": 0.45, "3 sunglass_concept3-1 sunglass_concept10": 0.5269230769230769, "3 sunglass_concept6-1 sunglass_concept10": 0.5125000000000001, "3 sunglass_concept2-1 sunglass_concept10": 0.546875, "3 sunglass_concept1-1 sunglass_concept10": 0.5130434782608696, "3 sunglass_concept4-1 sunglass_concept10": 0.5269230769230768, "3 sunglass_concept5-1 sunglass_concept10": 0.4175000000000001, "3 sunglass_concept3-1 sunglass_concept3": 0.5461538461538462, "3 sunglass_concept6-1 sunglass_concept3": 0.4925, "3 sunglass_concept2-1 sunglass_concept3": 0.565625, "3 sunglass_concept1-1 sunglass_concept3": 0.47391304347826085, "3 sunglass_concept4-1 sunglass_concept3": 0.525, "3 sunglass_concept5-1 sunglass_concept3": 0.5049999999999999, "3 sunglass_concept3-1 sunglass_concept5": 0.5499999999999999, "3 sunglass_concept6-1 sunglass_concept5": 0.41500000000000004, "3 sunglass_concept2-1 sunglass_concept5": 0.509375, "3 sunglass_concept1-1 sunglass_concept5": 0.5195652173913043, "3 sunglass_concept4-1 sunglass_concept5": 0.4865384615384615, "3 sunglass_concept5-1 sunglass_concept5": 0.445, "3 sunglass_concept3-1 sunglass_concept13": 0.5269230769230769, "3 sunglass_concept6-1 sunglass_concept13": 0.4574999999999999, "3 sunglass_concept2-1 sunglass_concept13": 0.534375, "3 sunglass_concept1-1 sunglass_concept13": 0.4782608695652174, "3 sunglass_concept4-1 sunglass_concept13": 0.5442307692307692, "3 sunglass_concept5-1 sunglass_concept13": 0.4925, "3 sunglass_concept3-1 sunglass_concept9": 0.46153846153846156, "3 sunglass_concept6-1 sunglass_concept9": 0.4600000000000001, "3 sunglass_concept2-1 sunglass_concept9": 0.534375, "3 sunglass_concept1-1 sunglass_concept9": 0.4391304347826087, "3 sunglass_concept4-1 sunglass_concept9": 0.5019230769230769, "3 sunglass_concept5-1 sunglass_concept9": 0.5225000000000001, "3 sunglass_concept3-1 sunglass_concept8": 0.5192307692307693, "3 sunglass_concept6-1 sunglass_concept8": 0.44499999999999995, "3 sunglass_concept2-1 sunglass_concept8": 0.53125, "3 sunglass_concept1-1 sunglass_concept8": 0.4739130434782609, "3 sunglass_concept4-1 sunglass_concept8": 0.5346153846153845, "3 sunglass_concept5-1 sunglass_concept8": 0.51, "3 sunglass_concept3-1 sunglass_concept11": 0.548076923076923, "3 sunglass_concept6-1 sunglass_concept11": 0.5125000000000001, "3 sunglass_concept2-1 sunglass_concept11": 0.525, "3 sunglass_concept1-1 sunglass_concept11": 0.5217391304347826, "3 sunglass_concept4-1 sunglass_concept11": 0.5673076923076923, "3 sunglass_concept5-1 sunglass_concept11": 0.5200000000000001, "3 sunglass_concept3-1 sunglass_concept14": 0.5076923076923077, "3 sunglass_concept6-1 sunglass_concept14": 0.5375, "3 sunglass_concept2-1 sunglass_concept14": 0.5625, "3 sunglass_concept1-1 sunglass_concept14": 0.48478260869565215, "3 sunglass_concept4-1 sunglass_concept14": 0.5596153846153846, "3 sunglass_concept5-1 sunglass_concept14": 0.5399999999999999, "3 sunglass_concept3-1 sunglass_concept1": 0.5096153846153846, "3 sunglass_concept6-1 sunglass_concept1": 0.4600000000000001, "3 sunglass_concept2-1 sunglass_concept1": 0.5375, "3 sunglass_concept1-1 sunglass_concept1": 0.39347826086956517, "3 sunglass_concept4-1 sunglass_concept1": 0.5846153846153845, "3 sunglass_concept5-1 sunglass_concept1": 0.5275000000000001, "3 sunglass_concept3-1 sunglass_concept12": 0.5134615384615385, "3 sunglass_concept6-1 sunglass_concept12": 0.5175, "3 sunglass_concept2-1 sunglass_concept12": 0.528125, "3 sunglass_concept1-1 sunglass_concept12": 0.47608695652173905, "3 sunglass_concept4-1 sunglass_concept12": 0.5865384615384615, "3 sunglass_concept5-1 sunglass_concept12": 0.5725, "3 sunglass_concept3-1 sunglass_concept4": 0.5576923076923077, "3 sunglass_concept6-1 sunglass_concept4": 0.5150000000000001, "3 sunglass_concept2-1 sunglass_concept4": 0.5375, "3 sunglass_concept1-1 sunglass_concept4": 0.5260869565217392, "3 sunglass_concept4-1 sunglass_concept4": 0.5596153846153846, "3 sunglass_concept5-1 sunglass_concept4": 0.5475000000000001, "3 sunglass_concept3-1 sunglass_concept6": 0.5211538461538461, "3 sunglass_concept6-1 sunglass_concept6": 0.475, "3 sunglass_concept2-1 sunglass_concept6": 0.49375, "3 sunglass_concept1-1 sunglass_concept6": 0.5065217391304347, "3 sunglass_concept4-1 sunglass_concept6": 0.5346153846153845, "3 sunglass_concept5-1 sunglass_concept6": 0.5075000000000001, "3 sunglass_concept3-1 random_discovery": 0.5134615384615384, "3 sunglass_concept6-1 random_discovery": 0.525, "3 sunglass_concept2-1 random_discovery": 0.503125, "3 sunglass_concept1-1 random_discovery": 0.47608695652173916, "3 sunglass_concept4-1 random_discovery": 0.5249999999999999, "3 sunglass_concept5-1 random_discovery": 0.52}, "3": {"9 sunglass_concept2-3 sunglass_concept3": 0.30357142857142855, "9 sunglass_concept3-3 sunglass_concept3": 0.35, "9 sunglass_concept7-3 sunglass_concept3": 0.375, "9 sunglass_concept6-3 sunglass_concept3": 0.47857142857142854, "9 sunglass_concept5-3 sunglass_concept3": 0.535, "9 sunglass_concept4-3 sunglass_concept3": 0.22499999999999995, "9 sunglass_concept1-3 sunglass_concept3": 0.37307692307692314, "9 sunglass_concept2-3 sunglass_concept6": 0.36071428571428565, "9 sunglass_concept3-3 sunglass_concept6": 0.4916666666666667, "9 sunglass_concept7-3 sunglass_concept6": 0.5, "9 sunglass_concept6-3 sunglass_concept6": 0.3964285714285714, "9 sunglass_concept5-3 sunglass_concept6": 0.505, "9 sunglass_concept4-3 sunglass_concept6": 0.4541666666666666, "9 sunglass_concept1-3 sunglass_concept6": 0.40769230769230774, "9 sunglass_concept2-3 sunglass_concept2": 0.27142857142857146, "9 sunglass_concept3-3 sunglass_concept2": 0.5708333333333334, "9 sunglass_concept7-3 sunglass_concept2": 0.37, "9 sunglass_concept6-3 sunglass_concept2": 0.45714285714285713, "9 sunglass_concept5-3 sunglass_concept2": 0.495, "9 sunglass_concept4-3 sunglass_concept2": 0.30833333333333335, "9 sunglass_concept1-3 sunglass_concept2": 0.3846153846153847, "9 sunglass_concept2-3 sunglass_concept1": 0.3678571428571429, "9 sunglass_concept3-3 sunglass_concept1": 0.4833333333333333, "9 sunglass_concept7-3 sunglass_concept1": 0.4450000000000001, "9 sunglass_concept6-3 sunglass_concept1": 0.4607142857142857, "9 sunglass_concept5-3 sunglass_concept1": 0.4999999999999999, "9 sunglass_concept4-3 sunglass_concept1": 0.45, "9 sunglass_concept1-3 sunglass_concept1": 0.41923076923076924, "9 sunglass_concept2-3 sunglass_concept4": 0.332142857142857, "9 sunglass_concept3-3 sunglass_concept4": 0.45, "9 sunglass_concept7-3 sunglass_concept4": 0.4250000000000001, "9 sunglass_concept6-3 sunglass_concept4": 0.275, "9 sunglass_concept5-3 sunglass_concept4": 0.48, "9 sunglass_concept4-3 sunglass_concept4": 0.2625, "9 sunglass_concept1-3 sunglass_concept4": 0.3230769230769231, "9 sunglass_concept2-3 sunglass_concept5": 0.33928571428571425, "9 sunglass_concept3-3 sunglass_concept5": 0.4541666666666666, "9 sunglass_concept7-3 sunglass_concept5": 0.4, "9 sunglass_concept6-3 sunglass_concept5": 0.27142857142857146, "9 sunglass_concept5-3 sunglass_concept5": 0.48500000000000004, "9 sunglass_concept4-3 sunglass_concept5": 0.31666666666666665, "9 sunglass_concept1-3 sunglass_concept5": 0.40384615384615385, "9 sunglass_concept2-3 random_discovery": 0.5107142857142858, "9 sunglass_concept3-3 random_discovery": 0.5166666666666667,