{"edge_weights": {"1": {"3 tennis_ball_concept3-1 tennis_ball_concept7": 0.43275862068965526, "3 tennis_ball_concept1-1 tennis_ball_concept7": 0.4461538461538462, "3 tennis_ball_concept4-1 tennis_ball_concept7": 0.490625, "3 tennis_ball_concept5-1 tennis_ball_concept7": 0.48500000000000004, "3 tennis_ball_concept2-1 tennis_ball_concept7": 0.4444444444444445, "3 tennis_ball_concept3-1 tennis_ball_concept4": 0.44655172413793104, "3 tennis_ball_concept1-1 tennis_ball_concept4": 0.5423076923076923, "3 tennis_ball_concept4-1 tennis_ball_concept4": 0.4875, "3 tennis_ball_concept5-1 tennis_ball_concept4": 0.5, "3 tennis_ball_concept2-1 tennis_ball_concept4": 0.38888888888888884, "3 tennis_ball_concept3-1 tennis_ball_concept5": 0.49655172413793114, "3 tennis_ball_concept1-1 tennis_ball_concept5": 0.596153846153846, "3 tennis_ball_concept4-1 tennis_ball_concept5": 0.48125, "3 tennis_ball_concept5-1 tennis_ball_concept5": 0.5025000000000001, "3 tennis_ball_concept2-1 tennis_ball_concept5": 0.4444444444444445, "3 tennis_ball_concept3-1 tennis_ball_concept2": 0.5051724137931035, "3 tennis_ball_concept1-1 tennis_ball_concept2": 0.5038461538461538, "3 tennis_ball_concept4-1 tennis_ball_concept2": 0.49375, "3 tennis_ball_concept5-1 tennis_ball_concept2": 0.4875, "3 tennis_ball_concept2-1 tennis_ball_concept2": 0.4527777777777778, "3 tennis_ball_concept3-1 tennis_ball_concept1": 0.5224137931034484, "3 tennis_ball_concept1-1 tennis_ball_concept1": 0.5307692307692308, "3 tennis_ball_concept4-1 tennis_ball_concept1": 0.525, "3 tennis_ball_concept5-1 tennis_ball_concept1": 0.5349999999999999, "3 tennis_ball_concept2-1 tennis_ball_concept1": 0.46944444444444444, "3 tennis_ball_concept3-1 tennis_ball_concept6": 0.5224137931034483, "3 tennis_ball_concept1-1 tennis_ball_concept6": 0.5192307692307692, "3 tennis_ball_concept4-1 tennis_ball_concept6": 0.515625, "3 tennis_ball_concept5-1 tennis_ball_concept6": 0.49750000000000005, "3 tennis_ball_concept2-1 tennis_ball_concept6": 0.4583333333333333, "3 tennis_ball_concept3-1 tennis_ball_concept3": 0.5379310344827586, "3 tennis_ball_concept1-1 tennis_ball_concept3": 0.5692307692307692, "3 tennis_ball_concept4-1 tennis_ball_concept3": 0.446875, "3 tennis_ball_concept5-1 tennis_ball_concept3": 0.6125, "3 tennis_ball_concept2-1 tennis_ball_concept3": 0.525, "3 tennis_ball_concept3-1 random_discovery": 0.520689655172414, "3 tennis_ball_concept1-1 random_discovery": 0.48461538461538456, "3 tennis_ball_concept4-1 random_discovery": 0.51875, "3 tennis_ball_concept5-1 random_discovery": 0.5075000000000001, "3 tennis_ball_concept2-1 random_discovery": 0.5222222222222223}, "3": {"9 tennis_ball_concept3-3 tennis_ball_concept3": 0.3944444444444445, "9 tennis_ball_concept4-3 tennis_ball_concept3": 0.3966666666666667, "9 tennis_ball_concept2-3 tennis_ball_concept3": 0.46333333333333326, "9 tennis_ball_concept1-3 tennis_ball_concept3": 0.446875, "9 tennis_ball_concept3-3 tennis_ball_concept1": 0.36666666666666664, "9 tennis_ball_concept4-3 tennis_ball_concept1": 0.35333333333333333, "9 tennis_ball_concept2-3 tennis_ball_concept1": 0.5233333333333332, "9 tennis_ball_concept1-3 tennis_ball_concept1": 0.453125, "9 tennis_ball_concept3-3 tennis_ball_concept4": 0.33333333333333337, "9 tennis_ball_concept4-3 tennis_ball_concept4": 0.39333333333333337, "9 tennis_ball_concept2-3 tennis_ball_concept4": 0.33666666666666667, "9 tennis_ball_concept1-3 tennis_ball_concept4": 0.340625, "9 tennis_ball_concept3-3 tennis_ball_concept5": 0.46944444444444444, "9 tennis_ball_concept4-3 tennis_ball_concept5": 0.4666666666666667, "9 tennis_ball_concept2-3 tennis_ball_concept5": 0.4700000000000001, "9 tennis_ball_concept1-3 tennis_ball_concept5": 0.478125, "9 tennis_ball_concept3-3 tennis_ball_concept2": 0.43055555555555564, "9 tennis_ball_concept4-3 tennis_ball_concept2": 0.3866666666666667, "9 tennis_ball_concept2-3 tennis_ball_concept2": 0.44666666666666677, "9 tennis_ball_concept1-3 tennis_ball_concept2": 0.465625, "9 tennis_ball_concept3-3 random_discovery": 0.3944444444444445, "9 tennis_ball_concept4-3 random_discovery": 0.5333333333333332, "9 tennis_ball_concept2-3 random_discovery": 0.4866666666666667, "9 tennis_ball_concept1-3 random_discovery": 0.484375}, "9": {"15 tennis_ball_concept1-9 tennis_ball_concept3": 0.4461538461538462, "15 tennis_ball_concept3-9 tennis_ball_concept3": 0.6444444444444446, "15 tennis_ball_concept2-9 tennis_ball_concept3": 0.5333333333333334, "15 tennis_ball_concept1-9 tennis_ball_concept4": 0.47307692307692306, "15 tennis_ball_concept3-9 tennis_ball_concept4": 0.7944444444444445, "15 tennis_ball_concept2-9 tennis_ball_concept4": 0.6299999999999999, "15 tennis_ball_concept1-9 tennis_ball_concept2": 0.4653846153846155, "15 tennis_ball_concept3-9 tennis_ball_concept2": 0.6388888888888888, "15 tennis_ball_concept2-9 tennis_ball_concept2": 0.5966666666666665, "15 tennis_ball_concept1-9 tennis_ball_concept1": 0.3038461538461539, "15 tennis_ball_concept3-9 tennis_ball_concept1": 0.6444444444444444, "15 tennis_ball_concept2-9 tennis_ball_concept1": 0.5133333333333333, "15 tennis_ball_concept1-9 random_discovery": 0.43461538461538457, "15 tennis_ball_concept3-9 random_discovery": 0.5888888888888888, "15 tennis_ball_concept2-9 random_discovery": 0.4966666666666666}, "15": {"class tennis_ball-15 tennis_ball_concept1": 1.0, "class tennis_ball-15 tennis_ball_concept3": 0.994, "class tennis_ball-15 tennis_ball_concept2": 0.9780000000000001, "class tennis_ball-15 random_discovery": 0.7629999999999999}}, "images": {"1": ["demo_outputs2_processed/mvit_4Lay/tennis_ball/1/tennis_ball_concept7", "demo_outputs2_processed/mvit_4Lay/tennis_ball/1/tennis_ball_concept4", "demo_outputs2_processed/mvit_4Lay/tennis_ball/1/tennis_ball_concept5", "demo_outputs2_processed/mvit_4Lay/tennis_ball/1/tennis_ball_concept2", "demo_outputs2_processed/mvit_4Lay/tennis_ball/1/tennis_ball_concept1", "demo_outputs2_processed/mvit_4Lay/tennis_ball/1/tennis_ball_concept6", "demo_outputs2_processed/mvit_4Lay/tennis_ball/1/tennis_ball_concept3"], "3": ["demo_outputs2_processed/mvit_4Lay/tennis_ball/3/tennis_ball_concept3", "demo_outputs2_processed/mvit_4Lay/tennis_ball/3/tennis_ball_concept1", "demo_outputs2_processed/mvit_4Lay/tennis_ball/3/tennis_ball_concept4", "demo_outputs2_processed/mvit_4Lay/tennis_ball/3/tennis_ball_concept5", "demo_outputs2_processed/mvit_4Lay/tennis_ball/3/tennis_ball_concept2"], "9": ["demo_outputs2_processed/mvit_4Lay/tennis_ball/9/tennis_ball_concept3", "demo_outputs2_processed/mvit_4Lay/tennis_ball/9/tennis_ball_concept4", "demo_outputs2_processed/mvit_4Lay/tennis_ball/9/tennis_ball_concept2", "demo_outputs2_processed/mvit_4Lay/tennis_ball/9/tennis_ball_concept1"], "15": ["demo_outputs2_processed/mvit_4Lay/tennis_ball/15/tennis_ball_concept1", "demo_outputs2_processed/mvit_4Lay/tennis_ball/15/tennis_ball_concept3", "demo_outputs2_processed/mvit_4Lay/tennis_ball/15/tennis_ball_concept2"], "class": ["demo_outputs2_processed/mvit_4Lay/tennis_ball/class/class"]}, "size_spec": [7, 5, 4, 3, 1], "layers": ["1", "3", "9", "15", "class"]}