{"edge_weights": {"2": {"5 sunglass_concept3-2 sunglass_concept1": 0.5203125, "5 sunglass_concept4-2 sunglass_concept1": 0.4800000000000001, "5 sunglass_concept2-2 sunglass_concept1": 0.5173913043478261, "5 sunglass_concept1-2 sunglass_concept1": 0.49677419354838703, "5 sunglass_concept5-2 sunglass_concept1": 0.5199999999999999, "5 sunglass_concept3-2 sunglass_concept4": 0.4453125, "5 sunglass_concept4-2 sunglass_concept4": 0.3966666666666666, "5 sunglass_concept2-2 sunglass_concept4": 0.48695652173913045, "5 sunglass_concept1-2 sunglass_concept4": 0.5080645161290323, "5 sunglass_concept5-2 sunglass_concept4": 0.5066666666666666, "5 sunglass_concept3-2 sunglass_concept5": 0.421875, "5 sunglass_concept4-2 sunglass_concept5": 0.4216666666666667, "5 sunglass_concept2-2 sunglass_concept5": 0.4804347826086957, "5 sunglass_concept1-2 sunglass_concept5": 0.5129032258064516, "5 sunglass_concept5-2 sunglass_concept5": 0.4766666666666667, "5 sunglass_concept3-2 sunglass_concept7": 0.5234375, "5 sunglass_concept4-2 sunglass_concept7": 0.495, "5 sunglass_concept2-2 sunglass_concept7": 0.4891304347826087, "5 sunglass_concept1-2 sunglass_concept7": 0.5145161290322581, "5 sunglass_concept5-2 sunglass_concept7": 0.49333333333333335, "5 sunglass_concept3-2 sunglass_concept2": 0.4703125, "5 sunglass_concept4-2 sunglass_concept2": 0.4633333333333334, "5 sunglass_concept2-2 sunglass_concept2": 0.42608695652173917, "5 sunglass_concept1-2 sunglass_concept2": 0.4387096774193548, "5 sunglass_concept5-2 sunglass_concept2": 0.4633333333333334, "5 sunglass_concept3-2 sunglass_concept6": 0.4359375, "5 sunglass_concept4-2 sunglass_concept6": 0.475, "5 sunglass_concept2-2 sunglass_concept6": 0.3869565217391304, "5 sunglass_concept1-2 sunglass_concept6": 0.467741935483871, "5 sunglass_concept5-2 sunglass_concept6": 0.39, "5 sunglass_concept3-2 sunglass_concept3": 0.5328125, "5 sunglass_concept4-2 sunglass_concept3": 0.5116666666666666, "5 sunglass_concept2-2 sunglass_concept3": 0.48695652173913045, "5 sunglass_concept1-2 sunglass_concept3": 0.5370967741935484, "5 sunglass_concept5-2 sunglass_concept3": 0.4933333333333333, "5 sunglass_concept3-2 random_discovery": 0.5046875, "5 sunglass_concept4-2 random_discovery": 0.48, "5 sunglass_concept2-2 random_discovery": 0.5434782608695653, "5 sunglass_concept1-2 random_discovery": 0.5225806451612902, "5 sunglass_concept5-2 random_discovery": 0.48666666666666664}, "5": {"8 sunglass_concept2-5 sunglass_concept3": 0.5479166666666668, "8 sunglass_concept1-5 sunglass_concept3": 0.5671428571428571, "8 sunglass_concept4-5 sunglass_concept3": 0.6416666666666667, "8 sunglass_concept5-5 sunglass_concept3": 0.573076923076923, "8 sunglass_concept3-5 sunglass_concept3": 0.55625, "8 sunglass_concept2-5 sunglass_concept4": 0.5958333333333333, "8 sunglass_concept1-5 sunglass_concept4": 0.5985714285714285, "8 sunglass_concept4-5 sunglass_concept4": 0.55, "8 sunglass_concept5-5 sunglass_concept4": 0.5461538461538461, "8 sunglass_concept3-5 sunglass_concept4": 0.5375, "8 sunglass_concept2-5 sunglass_concept2": 0.5104166666666667, "8 sunglass_concept1-5 sunglass_concept2": 0.53, "8 sunglass_concept4-5 sunglass_concept2": 0.5708333333333334, "8 sunglass_concept5-5 sunglass_concept2": 0.4923076923076922, "8 sunglass_concept3-5 sunglass_concept2": 0.490625, "8 sunglass_concept2-5 sunglass_concept1": 0.575, "8 sunglass_concept1-5 sunglass_concept1": 0.6228571428571428, "8 sunglass_concept4-5 sunglass_concept1": 0.5458333333333333, "8 sunglass_concept5-5 sunglass_concept1": 0.5423076923076924, "8 sunglass_concept3-5 sunglass_concept1": 0.490625, "8 sunglass_concept2-5 sunglass_concept5": 0.4729166666666667, "8 sunglass_concept1-5 sunglass_concept5": 0.5357142857142857, "8 sunglass_concept4-5 sunglass_concept5": 0.6041666666666667, "8 sunglass_concept5-5 sunglass_concept5": 0.5923076923076923, "8 sunglass_concept3-5 sunglass_concept5": 0.540625, "8 sunglass_concept2-5 random_discovery": 0.4604166666666667, "8 sunglass_concept1-5 random_discovery": 0.47428571428571437, "8 sunglass_concept4-5 random_discovery": 0.5541666666666667, "8 sunglass_concept5-5 random_discovery": 0.5346153846153846, "8 sunglass_concept3-5 random_discovery": 0.540625}, "8": {"10 sunglass_concept2-8 sunglass_concept2": 0.18333333333333335, "10 sunglass_concept3-8 sunglass_concept2": 0.325, "10 sunglass_concept1-8 sunglass_concept2": 0.45555555555555555, "10 sunglass_concept4-8 sunglass_concept2": 0.29999999999999993, "10 sunglass_concept2-8 sunglass_concept1": 0.4111111111111111, "10 sunglass_concept3-8 sunglass_concept1": 0.41000000000000003, "10 sunglass_concept1-8 sunglass_concept1": 0.39444444444444443, "10 sunglass_concept4-8 sunglass_concept1": 0.5055555555555555, "10 sunglass_concept2-8 sunglass_concept4": 0.2277777777777778, "10 sunglass_concept3-8 sunglass_concept4": 0.4000000000000001, "10 sunglass_concept1-8 sunglass_concept4": 0.45555555555555555, "10 sunglass_concept4-8 sunglass_concept4": 0.4722222222222222, "10 sunglass_concept2-8 sunglass_concept5": 0.18333333333333335, "10 sunglass_concept3-8 sunglass_concept5": 0.2900000000000001, "10 sunglass_concept1-8 sunglass_concept5": 0.3777777777777777, "10 sunglass_concept4-8 sunglass_concept5": 0.31666666666666665, "10 sunglass_concept2-8 sunglass_concept3": 0.3277777777777777, "10 sunglass_concept3-8 sunglass_concept3": 0.3950000000000001, "10 sunglass_concept1-8 sunglass_concept3": 0.4111111111111111, "10 sunglass_concept4-8 sunglass_concept3": 0.4444444444444445, "10 sunglass_concept2-8 random_discovery": 0.5111111111111112, "10 sunglass_concept3-8 random_discovery": 0.425, "10 sunglass_concept1-8 random_discovery": 0.4888888888888888, "10 sunglass_concept4-8 random_discovery": 0.3555555555555555}, "10": {"class sunglass-10 sunglass_concept2": 0.973404255319149, "class sunglass-10 sunglass_concept3": 0.6000000000000001, "class sunglass-10 sunglass_concept1": 0.28829787234042553, "class sunglass-10 sunglass_concept4": 0.20638297872340425, "class sunglass-10 random_discovery": 0.31702127659574464}}, "images": {"2": ["demo_outputs2_processed/vit_b_4Lay/sunglass/2/sunglass_concept1", "demo_outputs2_processed/vit_b_4Lay/sunglass/2/sunglass_concept4", "demo_outputs2_processed/vit_b_4Lay/sunglass/2/sunglass_concept5", "demo_outputs2_processed/vit_b_4Lay/sunglass/2/sunglass_concept7", "demo_outputs2_processed/vit_b_4Lay/sunglass/2/sunglass_concept2", "demo_outputs2_processed/vit_b_4Lay/sunglass/2/sunglass_concept6", "demo_outputs2_processed/vit_b_4Lay/sunglass/2/sunglass_concept3"], "5": ["demo_outputs2_processed/vit_b_4Lay/sunglass/5/sunglass_concept3", "demo_outputs2_processed/vit_b_4Lay/sunglass/5/sunglass_concept4", "demo_outputs2_processed/vit_b_4Lay/sunglass/5/sunglass_concept2", "demo_outputs2_processed/vit_b_4Lay/sunglass/5/sunglass_concept1", "demo_outputs2_processed/vit_b_4Lay/sunglass/5/sunglass_concept5"], "8": ["demo_outputs2_processed/vit_b_4Lay/sunglass/8/sunglass_concept2", "demo_outputs2_processed/vit_b_4Lay/sunglass/8/sunglass_concept1", "demo_outputs2_processed/vit_b_4Lay/sunglass/8/sunglass_concept4", "demo_outputs2_processed/vit_b_4Lay/sunglass/8/sunglass_concept5", "demo_outputs2_processed/vit_b_4Lay/sunglass/8/sunglass_concept3"], "10": ["demo_outputs2_processed/vit_b_4Lay/sunglass/10/sunglass_concept2", "demo_outputs2_processed/vit_b_4Lay/sunglass/10/sunglass_concept3", "demo_outputs2_processed/vit_b_4Lay/sunglass/10/sunglass_concept1", "demo_outputs2_processed/vit_b_4Lay/sunglass/10/sunglass_concept4"], "class": ["demo_outputs2_processed/vit_b_4Lay/sunglass/class/class"]}, "size_spec": [7, 5, 5, 4, 1], "layers": ["2", "5", "8", "10", "class"]}