{"edge_weights": {"layer1": {"layer2 golfcart_concept2-layer1 golfcart_concept5": 0.5714285714285714, "layer2 golfcart_concept6-layer1 golfcart_concept5": 0.39117647058823535, "layer2 golfcart_concept5-layer1 golfcart_concept5": 0.359375, "layer2 golfcart_concept7-layer1 golfcart_concept5": 0.4666666666666667, "layer2 golfcart_concept8-layer1 golfcart_concept5": 0.4714285714285714, "layer2 golfcart_concept9-layer1 golfcart_concept5": 0.5153846153846153, "layer2 golfcart_concept4-layer1 golfcart_concept5": 0.3847826086956522, "layer2 golfcart_concept3-layer1 golfcart_concept5": 0.5, "layer2 golfcart_concept1-layer1 golfcart_concept5": 0.47058823529411764, "layer2 golfcart_concept2-layer1 golfcart_concept3": 0.5392857142857144, "layer2 golfcart_concept6-layer1 golfcart_concept3": 0.4647058823529412, "layer2 golfcart_concept5-layer1 golfcart_concept3": 0.471875, "layer2 golfcart_concept7-layer1 golfcart_concept3": 0.51, "layer2 golfcart_concept8-layer1 golfcart_concept3": 0.41428571428571426, "layer2 golfcart_concept9-layer1 golfcart_concept3": 0.4884615384615385, "layer2 golfcart_concept4-layer1 golfcart_concept3": 0.40869565217391307, "layer2 golfcart_concept3-layer1 golfcart_concept3": 0.484375, "layer2 golfcart_concept1-layer1 golfcart_concept3": 0.49411764705882344, "layer2 golfcart_concept2-layer1 golfcart_concept2": 0.5107142857142857, "layer2 golfcart_concept6-layer1 golfcart_concept2": 0.4882352941176471, "layer2 golfcart_concept5-layer1 golfcart_concept2": 0.428125, "layer2 golfcart_concept7-layer1 golfcart_concept2": 0.4633333333333334, "layer2 golfcart_concept8-layer1 golfcart_concept2": 0.44642857142857145, "layer2 golfcart_concept9-layer1 golfcart_concept2": 0.5653846153846154, "layer2 golfcart_concept4-layer1 golfcart_concept2": 0.432608695652174, "layer2 golfcart_concept3-layer1 golfcart_concept2": 0.475, "layer2 golfcart_concept1-layer1 golfcart_concept2": 0.4764705882352941, "layer2 golfcart_concept2-layer1 golfcart_concept9": 0.5, "layer2 golfcart_concept6-layer1 golfcart_concept9": 0.37941176470588234, "layer2 golfcart_concept5-layer1 golfcart_concept9": 0.34375, "layer2 golfcart_concept7-layer1 golfcart_concept9": 0.5, "layer2 golfcart_concept8-layer1 golfcart_concept9": 0.41428571428571426, "layer2 golfcart_concept9-layer1 golfcart_concept9": 0.5153846153846153, "layer2 golfcart_concept4-layer1 golfcart_concept9": 0.3913043478260869, "layer2 golfcart_concept3-layer1 golfcart_concept9": 0.4375, "layer2 golfcart_concept1-layer1 golfcart_concept9": 0.49411764705882344, "layer2 golfcart_concept2-layer1 golfcart_concept4": 0.5357142857142857, "layer2 golfcart_concept6-layer1 golfcart_concept4": 0.40588235294117647, "layer2 golfcart_concept5-layer1 golfcart_concept4": 0.34375, "layer2 golfcart_concept7-layer1 golfcart_concept4": 0.4566666666666667, "layer2 golfcart_concept8-layer1 golfcart_concept4": 0.44642857142857145, "layer2 golfcart_concept9-layer1 golfcart_concept4": 0.5153846153846154, "layer2 golfcart_concept4-layer1 golfcart_concept4": 0.4, "layer2 golfcart_concept3-layer1 golfcart_concept4": 0.4625, "layer2 golfcart_concept1-layer1 golfcart_concept4": 0.4647058823529412, "layer2 golfcart_concept2-layer1 golfcart_concept12": 0.5214285714285715, "layer2 golfcart_concept6-layer1 golfcart_concept12": 0.4617647058823529, "layer2 golfcart_concept5-layer1 golfcart_concept12": 0.409375, "layer2 golfcart_concept7-layer1 golfcart_concept12": 0.48, "layer2 golfcart_concept8-layer1 golfcart_concept12": 0.4428571428571429, "layer2 golfcart_concept9-layer1 golfcart_concept12": 0.5615384615384615, "layer2 golfcart_concept4-layer1 golfcart_concept12": 0.39347826086956517, "layer2 golfcart_concept3-layer1 golfcart_concept12": 0.46875, "layer2 golfcart_concept1-layer1 golfcart_concept12": 0.4911764705882353, "layer2 golfcart_concept2-layer1 golfcart_concept13": 0.4142857142857143, "layer2 golfcart_concept6-layer1 golfcart_concept13": 0.5764705882352941, "layer2 golfcart_concept5-layer1 golfcart_concept13": 0.49375, "layer2 golfcart_concept7-layer1 golfcart_concept13": 0.5433333333333333, "layer2 golfcart_concept8-layer1 golfcart_concept13": 0.4357142857142858, "layer2 golfcart_concept9-layer1 golfcart_concept13": 0.49230769230769234, "layer2 golfcart_concept4-layer1 golfcart_concept13": 0.458695652173913, "layer2 golfcart_concept3-layer1 golfcart_concept13": 0.5125, "layer2 golfcart_concept1-layer1 golfcart_concept13": 0.4999999999999999, "layer2 golfcart_concept2-layer1 golfcart_concept10": 0.4892857142857143, "layer2 golfcart_concept6-layer1 golfcart_concept10": 0.3558823529411764, "layer2 golfcart_concept5-layer1 golfcart_concept10": 0.3625, "layer2 golfcart_concept7-layer1 golfcart_concept10": 0.5066666666666666, "layer2 golfcart_concept8-layer1 golfcart_concept10": 0.4107142857142857, "layer2 golfcart_concept9-layer1 golfcart_concept10": 0.48461538461538456, "layer2 golfcart_concept4-layer1 golfcart_concept10": 0.3739130434782608, "layer2 golfcart_concept3-layer1 golfcart_concept10": 0.446875, "layer2 golfcart_concept1-layer1 golfcart_concept10": 0.5117647058823529, "layer2 golfcart_concept2-layer1 golfcart_concept7": 0.5392857142857143, "layer2 golfcart_concept6-layer1 golfcart_concept7": 0.39117647058823524, "layer2 golfcart_concept5-layer1 golfcart_concept7": 0.421875, "layer2 golfcart_concept7-layer1 golfcart_concept7": 0.5, "layer2 golfcart_concept8-layer1 golfcart_concept7": 0.4642857142857143, "layer2 golfcart_concept9-layer1 golfcart_concept7": 0.46153846153846156, "layer2 golfcart_concept4-layer1 golfcart_concept7": 0.4304347826086956, "layer2 golfcart_concept3-layer1 golfcart_concept7": 0.41875, "layer2 golfcart_concept1-layer1 golfcart_concept7": 0.49411764705882355, "layer2 golfcart_concept2-layer1 golfcart_concept1": 0.45, "layer2 golfcart_concept6-layer1 golfcart_concept1": 0.4911764705882353, "layer2 golfcart_concept5-layer1 golfcart_concept1": 0.446875, "layer2 golfcart_concept7-layer1 golfcart_concept1": 0.55, "layer2 golfcart_concept8-layer1 golfcart_concept1": 0.3785714285714285, "layer2 golfcart_concept9-layer1 golfcart_concept1": 0.49615384615384617, "layer2 golfcart_concept4-layer1 golfcart_concept1": 0.45434782608695656, "layer2 golfcart_concept3-layer1 golfcart_concept1": 0.471875, "layer2 golfcart_concept1-layer1 golfcart_concept1": 0.5588235294117647, "layer2 golfcart_concept2-layer1 golfcart_concept11": 0.49642857142857144, "layer2 golfcart_concept6-layer1 golfcart_concept11": 0.4676470588235294, "layer2 golfcart_concept5-layer1 golfcart_concept11": 0.3625, "layer2 golfcart_concept7-layer1 golfcart_concept11": 0.45666666666666667, "layer2 golfcart_concept8-layer1 golfcart_concept11": 0.46785714285714286, "layer2 golfcart_concept9-layer1 golfcart_concept11": 0.45, "layer2 golfcart_concept4-layer1 golfcart_concept11": 0.36739130434782613, "layer2 golfcart_concept3-layer1 golfcart_concept11": 0.49375, "layer2 golfcart_concept1-layer1 golfcart_concept11": 0.5147058823529411, "layer2 golfcart_concept2-layer1 golfcart_concept6": 0.46428571428571425, "layer2 golfcart_concept6-layer1 golfcart_concept6": 0.47352941176470587, "layer2 golfcart_concept5-layer1 golfcart_concept6": 0.43125, "layer2 golfcart_concept7-layer1 golfcart_concept6": 0.5133333333333333, "layer2 golfcart_concept8-layer1 golfcart_concept6": 0.40714285714285714, "layer2 golfcart_concept9-layer1 golfcart_concept6": 0.6, "layer2 golfcart_concept4-layer1 golfcart_concept6": 0.40434782608695663, "layer2 golfcart_concept3-layer1 golfcart_concept6": 0.48125, "layer2 golfcart_concept1-layer1 golfcart_concept6": 0.47352941176470587, "layer2 golfcart_concept2-layer1 golfcart_concept8": 0.47857142857142854, "layer2 golfcart_concept6-layer1 golfcart_concept8": 0.3647058823529411, "layer2 golfcart_concept5-layer1 golfcart_concept8": 0.45, "layer2 golfcart_concept7-layer1 golfcart_concept8": 0.44000000000000006, "layer2 golfcart_concept8-layer1 golfcart_concept8": 0.4714285714285714, "layer2 golfcart_concept9-layer1 golfcart_concept8": 0.573076923076923,