{"edge_weights": {"0": {"2 sunglass_concept2-0 sunglass_concept9": 0.45138888888888895, "2 sunglass_concept3-0 sunglass_concept9": 0.44230769230769235, "2 sunglass_concept4-0 sunglass_concept9": 0.5000000000000001, "2 sunglass_concept5-0 sunglass_concept9": 0.4875000000000001, "2 sunglass_concept1-0 sunglass_concept9": 0.4933333333333333, "2 sunglass_concept6-0 sunglass_concept9": 0.36176470588235293, "2 sunglass_concept2-0 sunglass_concept2": 0.40694444444444444, "2 sunglass_concept3-0 sunglass_concept2": 0.4346153846153847, "2 sunglass_concept4-0 sunglass_concept2": 0.49642857142857144, "2 sunglass_concept5-0 sunglass_concept2": 0.5475, "2 sunglass_concept1-0 sunglass_concept2": 0.4633333333333334, "2 sunglass_concept6-0 sunglass_concept2": 0.3676470588235294, "2 sunglass_concept2-0 sunglass_concept10": 0.5222222222222224, "2 sunglass_concept3-0 sunglass_concept10": 0.43076923076923085, "2 sunglass_concept4-0 sunglass_concept10": 0.4499999999999999, "2 sunglass_concept5-0 sunglass_concept10": 0.5075, "2 sunglass_concept1-0 sunglass_concept10": 0.4166666666666668, "2 sunglass_concept6-0 sunglass_concept10": 0.37941176470588234, "2 sunglass_concept2-0 sunglass_concept3": 0.45972222222222214, "2 sunglass_concept3-0 sunglass_concept3": 0.4153846153846154, "2 sunglass_concept4-0 sunglass_concept3": 0.41428571428571426, "2 sunglass_concept5-0 sunglass_concept3": 0.45499999999999996, "2 sunglass_concept1-0 sunglass_concept3": 0.4366666666666667, "2 sunglass_concept6-0 sunglass_concept3": 0.40882352941176475, "2 sunglass_concept2-0 sunglass_concept6": 0.4680555555555556, "2 sunglass_concept3-0 sunglass_concept6": 0.41923076923076924, "2 sunglass_concept4-0 sunglass_concept6": 0.4892857142857143, "2 sunglass_concept5-0 sunglass_concept6": 0.42750000000000005, "2 sunglass_concept1-0 sunglass_concept6": 0.47333333333333333, "2 sunglass_concept6-0 sunglass_concept6": 0.4529411764705883, "2 sunglass_concept2-0 sunglass_concept5": 0.42777777777777776, "2 sunglass_concept3-0 sunglass_concept5": 0.43076923076923085, "2 sunglass_concept4-0 sunglass_concept5": 0.4357142857142858, "2 sunglass_concept5-0 sunglass_concept5": 0.53, "2 sunglass_concept1-0 sunglass_concept5": 0.4633333333333334, "2 sunglass_concept6-0 sunglass_concept5": 0.3676470588235294, "2 sunglass_concept2-0 sunglass_concept1": 0.43194444444444446, "2 sunglass_concept3-0 sunglass_concept1": 0.5923076923076922, "2 sunglass_concept4-0 sunglass_concept1": 0.5285714285714285, "2 sunglass_concept5-0 sunglass_concept1": 0.47000000000000003, "2 sunglass_concept1-0 sunglass_concept1": 0.5133333333333333, "2 sunglass_concept6-0 sunglass_concept1": 0.5147058823529411, "2 sunglass_concept2-0 sunglass_concept8": 0.4805555555555556, "2 sunglass_concept3-0 sunglass_concept8": 0.44230769230769235, "2 sunglass_concept4-0 sunglass_concept8": 0.3821428571428571, "2 sunglass_concept5-0 sunglass_concept8": 0.48, "2 sunglass_concept1-0 sunglass_concept8": 0.4, "2 sunglass_concept6-0 sunglass_concept8": 0.3794117647058823, "2 sunglass_concept2-0 sunglass_concept7": 0.5291666666666667, "2 sunglass_concept3-0 sunglass_concept7": 0.33076923076923087, "2 sunglass_concept4-0 sunglass_concept7": 0.425, "2 sunglass_concept5-0 sunglass_concept7": 0.5349999999999999, "2 sunglass_concept1-0 sunglass_concept7": 0.47000000000000003, "2 sunglass_concept6-0 sunglass_concept7": 0.37941176470588234, "2 sunglass_concept2-0 sunglass_concept4": 0.4097222222222222, "2 sunglass_concept3-0 sunglass_concept4": 0.6576923076923077, "2 sunglass_concept4-0 sunglass_concept4": 0.5607142857142857, "2 sunglass_concept5-0 sunglass_concept4": 0.49000000000000005, "2 sunglass_concept1-0 sunglass_concept4": 0.5066666666666666, "2 sunglass_concept6-0 sunglass_concept4": 0.5088235294117647, "2 sunglass_concept2-0 random_discovery": 0.46944444444444444, "2 sunglass_concept3-0 random_discovery": 0.3961538461538462, "2 sunglass_concept4-0 random_discovery": 0.44642857142857145, "2 sunglass_concept5-0 random_discovery": 0.5, "2 sunglass_concept1-0 random_discovery": 0.5566666666666666, "2 sunglass_concept6-0 random_discovery": 0.4029411764705883}, "2": {"4 sunglass_concept1-2 sunglass_concept2": 0.5884615384615384, "4 sunglass_concept2-2 sunglass_concept2": 0.5833333333333333, "4 sunglass_concept5-2 sunglass_concept2": 0.46153846153846156, "4 sunglass_concept4-2 sunglass_concept2": 0.4200000000000001, "4 sunglass_concept3-2 sunglass_concept2": 0.478125, "4 sunglass_concept6-2 sunglass_concept2": 0.6088235294117647, "4 sunglass_concept1-2 sunglass_concept3": 0.5307692307692307, "4 sunglass_concept2-2 sunglass_concept3": 0.5899999999999999, "4 sunglass_concept5-2 sunglass_concept3": 0.44230769230769235, "4 sunglass_concept4-2 sunglass_concept3": 0.445, "4 sunglass_concept3-2 sunglass_concept3": 0.428125, "4 sunglass_concept6-2 sunglass_concept3": 0.5382352941176471, "4 sunglass_concept1-2 sunglass_concept4": 0.5269230769230768, "4 sunglass_concept2-2 sunglass_concept4": 0.5166666666666667, "4 sunglass_concept5-2 sunglass_concept4": 0.523076923076923, "4 sunglass_concept4-2 sunglass_concept4": 0.48999999999999994, "4 sunglass_concept3-2 sunglass_concept4": 0.484375, "4 sunglass_concept6-2 sunglass_concept4": 0.55, "4 sunglass_concept1-2 sunglass_concept5": 0.5807692307692307, "4 sunglass_concept2-2 sunglass_concept5": 0.52, "4 sunglass_concept5-2 sunglass_concept5": 0.5076923076923077, "4 sunglass_concept4-2 sunglass_concept5": 0.42000000000000004, "4 sunglass_concept3-2 sunglass_concept5": 0.453125, "4 sunglass_concept6-2 sunglass_concept5": 0.5294117647058824, "4 sunglass_concept1-2 sunglass_concept1": 0.5192307692307693, "4 sunglass_concept2-2 sunglass_concept1": 0.5366666666666667, "4 sunglass_concept5-2 sunglass_concept1": 0.5115384615384616, "4 sunglass_concept4-2 sunglass_concept1": 0.525, "4 sunglass_concept3-2 sunglass_concept1": 0.50625, "4 sunglass_concept6-2 sunglass_concept1": 0.5823529411764705, "4 sunglass_concept1-2 sunglass_concept6": 0.5653846153846154, "4 sunglass_concept2-2 sunglass_concept6": 0.5233333333333332, "4 sunglass_concept5-2 sunglass_concept6": 0.523076923076923, "4 sunglass_concept4-2 sunglass_concept6": 0.4800000000000001, "4 sunglass_concept3-2 sunglass_concept6": 0.49375, "4 sunglass_concept6-2 sunglass_concept6": 0.5617647058823529, "4 sunglass_concept1-2 random_discovery": 0.6038461538461537, "4 sunglass_concept2-2 random_discovery": 0.55, "4 sunglass_concept5-2 random_discovery": 0.4461538461538462, "4 sunglass_concept4-2 random_discovery": 0.44499999999999995, "4 sunglass_concept3-2 random_discovery": 0.434375, "4 sunglass_concept6-2 random_discovery": 0.55}, "4": {"6 sunglass_concept3-4 sunglass_concept1": 0.5549999999999999, "6 sunglass_concept1-4 sunglass_concept1": 0.5466666666666666, "6 sunglass_concept2-4 sunglass_concept1": 0.7166666666666666, "6 sunglass_concept3-4 sunglass_concept2": 0.68, "6 sunglass_concept1-4 sunglass_concept2": 0.4966666666666667, "6 sunglass_concept2-4 sunglass_concept2": 0.6166666666666668, "6 sunglass_concept3-4 sunglass_concept5": 0.43499999999999994, "6 sunglass_concept1-4 sunglass_concept5": 0.5, "6 sunglass_concept2-4 sunglass_concept5": 0.6000000000000001, "6 sunglass_concept3-4 sunglass_concept4": 0.6799999999999999, "6 sunglass_concept1-4 sunglass_concept4": 0.65, "6 sunglass_concept2-4 sunglass_concept4": 0.6888888888888889, "6 sunglass_concept3-4 sunglass_concept3": 0.7499999999999999, "6 sunglass_concept1-4 sunglass_concept3": 0.6133333333333332, "6 sunglass_concept2-4 sunglass_concept3": 0.6666666666666667, "6 sunglass_concept3-4 sunglass_concept6": 0.7600000000000001, "6 sunglass_concept1-4 sunglass_concept6": 0.6066666666666667, "6 sunglass_concept2-4 sunglass_concept6": 0.8111111111111111, "6 sunglass_concept3-4 random_discovery": 0.375, "6 sunglass_concept1-4 random_discovery": 0.45999999999999996, "6 sunglass_concept2-4 random_discovery": 0.40555555555555545}, "6": {"class sunglass-6 sunglass_concept3": 0.922340425531915,