{"edge_weights": {"layer1": {"layer2 grey_fox_concept2-layer1 grey_fox_concept1": 0.42142857142857143, "layer2 grey_fox_concept3-layer1 grey_fox_concept1": 0.5194444444444444, "layer2 grey_fox_concept8-layer1 grey_fox_concept1": 0.4161290322580644, "layer2 grey_fox_concept6-layer1 grey_fox_concept1": 0.45543478260869563, "layer2 grey_fox_concept5-layer1 grey_fox_concept1": 0.4566666666666667, "layer2 grey_fox_concept7-layer1 grey_fox_concept1": 0.49696969696969695, "layer2 grey_fox_concept4-layer1 grey_fox_concept1": 0.4766666666666667, "layer2 grey_fox_concept1-layer1 grey_fox_concept1": 0.4325, "layer2 grey_fox_concept2-layer1 grey_fox_concept13": 0.48571428571428577, "layer2 grey_fox_concept3-layer1 grey_fox_concept13": 0.36944444444444446, "layer2 grey_fox_concept8-layer1 grey_fox_concept13": 0.3225806451612903, "layer2 grey_fox_concept6-layer1 grey_fox_concept13": 0.466304347826087, "layer2 grey_fox_concept5-layer1 grey_fox_concept13": 0.4366666666666667, "layer2 grey_fox_concept7-layer1 grey_fox_concept13": 0.5136363636363636, "layer2 grey_fox_concept4-layer1 grey_fox_concept13": 0.4633333333333334, "layer2 grey_fox_concept1-layer1 grey_fox_concept13": 0.4025, "layer2 grey_fox_concept2-layer1 grey_fox_concept12": 0.5, "layer2 grey_fox_concept3-layer1 grey_fox_concept12": 0.3916666666666667, "layer2 grey_fox_concept8-layer1 grey_fox_concept12": 0.3516129032258064, "layer2 grey_fox_concept6-layer1 grey_fox_concept12": 0.4641304347826087, "layer2 grey_fox_concept5-layer1 grey_fox_concept12": 0.48, "layer2 grey_fox_concept7-layer1 grey_fox_concept12": 0.4242424242424242, "layer2 grey_fox_concept4-layer1 grey_fox_concept12": 0.35333333333333333, "layer2 grey_fox_concept1-layer1 grey_fox_concept12": 0.40750000000000003, "layer2 grey_fox_concept2-layer1 grey_fox_concept7": 0.46071428571428574, "layer2 grey_fox_concept3-layer1 grey_fox_concept7": 0.3805555555555556, "layer2 grey_fox_concept8-layer1 grey_fox_concept7": 0.33709677419354833, "layer2 grey_fox_concept6-layer1 grey_fox_concept7": 0.47717391304347834, "layer2 grey_fox_concept5-layer1 grey_fox_concept7": 0.5266666666666666, "layer2 grey_fox_concept7-layer1 grey_fox_concept7": 0.5075757575757576, "layer2 grey_fox_concept4-layer1 grey_fox_concept7": 0.48666666666666664, "layer2 grey_fox_concept1-layer1 grey_fox_concept7": 0.3675, "layer2 grey_fox_concept2-layer1 grey_fox_concept10": 0.4892857142857142, "layer2 grey_fox_concept3-layer1 grey_fox_concept10": 0.4333333333333333, "layer2 grey_fox_concept8-layer1 grey_fox_concept10": 0.35967741935483866, "layer2 grey_fox_concept6-layer1 grey_fox_concept10": 0.4467391304347825, "layer2 grey_fox_concept5-layer1 grey_fox_concept10": 0.43000000000000005, "layer2 grey_fox_concept7-layer1 grey_fox_concept10": 0.4742424242424243, "layer2 grey_fox_concept4-layer1 grey_fox_concept10": 0.4133333333333334, "layer2 grey_fox_concept1-layer1 grey_fox_concept10": 0.40499999999999997, "layer2 grey_fox_concept2-layer1 grey_fox_concept4": 0.43928571428571433, "layer2 grey_fox_concept3-layer1 grey_fox_concept4": 0.475, "layer2 grey_fox_concept8-layer1 grey_fox_concept4": 0.4096774193548386, "layer2 grey_fox_concept6-layer1 grey_fox_concept4": 0.4021739130434782, "layer2 grey_fox_concept5-layer1 grey_fox_concept4": 0.5299999999999999, "layer2 grey_fox_concept7-layer1 grey_fox_concept4": 0.4196969696969696, "layer2 grey_fox_concept4-layer1 grey_fox_concept4": 0.4633333333333334, "layer2 grey_fox_concept1-layer1 grey_fox_concept4": 0.39, "layer2 grey_fox_concept2-layer1 grey_fox_concept3": 0.49642857142857144, "layer2 grey_fox_concept3-layer1 grey_fox_concept3": 0.4138888888888889, "layer2 grey_fox_concept8-layer1 grey_fox_concept3": 0.3677419354838709, "layer2 grey_fox_concept6-layer1 grey_fox_concept3": 0.47391304347826085, "layer2 grey_fox_concept5-layer1 grey_fox_concept3": 0.5233333333333332, "layer2 grey_fox_concept7-layer1 grey_fox_concept3": 0.45, "layer2 grey_fox_concept4-layer1 grey_fox_concept3": 0.4000000000000001, "layer2 grey_fox_concept1-layer1 grey_fox_concept3": 0.3950000000000001, "layer2 grey_fox_concept2-layer1 grey_fox_concept6": 0.42857142857142855, "layer2 grey_fox_concept3-layer1 grey_fox_concept6": 0.43611111111111117, "layer2 grey_fox_concept8-layer1 grey_fox_concept6": 0.3999999999999999, "layer2 grey_fox_concept6-layer1 grey_fox_concept6": 0.45760869565217394, "layer2 grey_fox_concept5-layer1 grey_fox_concept6": 0.5333333333333333, "layer2 grey_fox_concept7-layer1 grey_fox_concept6": 0.47575757575757577, "layer2 grey_fox_concept4-layer1 grey_fox_concept6": 0.5333333333333333, "layer2 grey_fox_concept1-layer1 grey_fox_concept6": 0.30749999999999994, "layer2 grey_fox_concept2-layer1 grey_fox_concept11": 0.42857142857142855, "layer2 grey_fox_concept3-layer1 grey_fox_concept11": 0.44722222222222224, "layer2 grey_fox_concept8-layer1 grey_fox_concept11": 0.3451612903225806, "layer2 grey_fox_concept6-layer1 grey_fox_concept11": 0.46630434782608693, "layer2 grey_fox_concept5-layer1 grey_fox_concept11": 0.48666666666666664, "layer2 grey_fox_concept7-layer1 grey_fox_concept11": 0.5106060606060605, "layer2 grey_fox_concept4-layer1 grey_fox_concept11": 0.43000000000000005, "layer2 grey_fox_concept1-layer1 grey_fox_concept11": 0.45999999999999996, "layer2 grey_fox_concept2-layer1 grey_fox_concept9": 0.5, "layer2 grey_fox_concept3-layer1 grey_fox_concept9": 0.4805555555555555, "layer2 grey_fox_concept8-layer1 grey_fox_concept9": 0.4370967741935483, "layer2 grey_fox_concept6-layer1 grey_fox_concept9": 0.4445652173913044, "layer2 grey_fox_concept5-layer1 grey_fox_concept9": 0.4600000000000001, "layer2 grey_fox_concept7-layer1 grey_fox_concept9": 0.4409090909090908, "layer2 grey_fox_concept4-layer1 grey_fox_concept9": 0.37, "layer2 grey_fox_concept1-layer1 grey_fox_concept9": 0.4325, "layer2 grey_fox_concept2-layer1 grey_fox_concept2": 0.4321428571428571, "layer2 grey_fox_concept3-layer1 grey_fox_concept2": 0.3583333333333333, "layer2 grey_fox_concept8-layer1 grey_fox_concept2": 0.41129032258064513, "layer2 grey_fox_concept6-layer1 grey_fox_concept2": 0.5228260869565218, "layer2 grey_fox_concept5-layer1 grey_fox_concept2": 0.5133333333333333, "layer2 grey_fox_concept7-layer1 grey_fox_concept2": 0.4893939393939394, "layer2 grey_fox_concept4-layer1 grey_fox_concept2": 0.4366666666666667, "layer2 grey_fox_concept1-layer1 grey_fox_concept2": 0.38250000000000006, "layer2 grey_fox_concept2-layer1 grey_fox_concept5": 0.41785714285714287, "layer2 grey_fox_concept3-layer1 grey_fox_concept5": 0.46944444444444444, "layer2 grey_fox_concept8-layer1 grey_fox_concept5": 0.382258064516129, "layer2 grey_fox_concept6-layer1 grey_fox_concept5": 0.4902173913043478, "layer2 grey_fox_concept5-layer1 grey_fox_concept5": 0.5033333333333333, "layer2 grey_fox_concept7-layer1 grey_fox_concept5": 0.4803030303030303, "layer2 grey_fox_concept4-layer1 grey_fox_concept5": 0.5066666666666666, "layer2 grey_fox_concept1-layer1 grey_fox_concept5": 0.36249999999999993, "layer2 grey_fox_concept2-layer1 grey_fox_concept14": 0.48571428571428565, "layer2 grey_fox_concept3-layer1 grey_fox_concept14": 0.4444444444444445, "layer2 grey_fox_concept8-layer1 grey_fox_concept14": 0.38870967741935475, "layer2 grey_fox_concept6-layer1 grey_fox_concept14": 0.41630434782608694, "layer2 grey_fox_concept5-layer1 grey_fox_concept14": 0.5233333333333332, "layer2 grey_fox_concept7-layer1 grey_fox_concept14": 0.44696969696969696, "layer2 grey_fox_concept4-layer1 grey_fox_concept14": 0.4666666666666667, "layer2 grey_fox_concept1-layer1 grey_fox_concept14": 0.31249999999999994, "layer2 grey_fox_concept2-layer1 grey_fox_concept8": 0.42857142857142855, "layer2 grey_fox_concept3-layer1 grey_fox_concept8": 0.43055555555555564, "layer2 grey_fox_concept8-layer1 grey_fox_concept8": 0.40645161290322573, "layer2 grey_fox_concept6-layer1 grey_fox_concept8": 0.4467391304347825, "layer2 grey_fox_concept5-layer1 grey_fox_concept8": 0.52, "layer2 grey_fox_concept7-layer1 grey_fox_concept8": 0.45909090909090916,