{"edge_weights": {"layer1": {"layer2 sunglass_concept1-layer1 sunglass_concept9": 0.6029411764705882, "layer2 sunglass_concept7-layer1 sunglass_concept9": 0.45000000000000007, "layer2 sunglass_concept3-layer1 sunglass_concept9": 0.46875, "layer2 sunglass_concept6-layer1 sunglass_concept9": 0.5399999999999999, "layer2 sunglass_concept2-layer1 sunglass_concept9": 0.4636363636363637, "layer2 sunglass_concept4-layer1 sunglass_concept9": 0.38800000000000007, "layer2 sunglass_concept5-layer1 sunglass_concept9": 0.5239999999999999, "layer2 sunglass_concept1-layer1 sunglass_concept6": 0.4558823529411765, "layer2 sunglass_concept7-layer1 sunglass_concept6": 0.4269230769230769, "layer2 sunglass_concept3-layer1 sunglass_concept6": 0.5125, "layer2 sunglass_concept6-layer1 sunglass_concept6": 0.47000000000000003, "layer2 sunglass_concept2-layer1 sunglass_concept6": 0.42727272727272725, "layer2 sunglass_concept4-layer1 sunglass_concept6": 0.43200000000000005, "layer2 sunglass_concept5-layer1 sunglass_concept6": 0.528, "layer2 sunglass_concept1-layer1 sunglass_concept1": 0.5411764705882353, "layer2 sunglass_concept7-layer1 sunglass_concept1": 0.45769230769230773, "layer2 sunglass_concept3-layer1 sunglass_concept1": 0.440625, "layer2 sunglass_concept6-layer1 sunglass_concept1": 0.5133333333333333, "layer2 sunglass_concept2-layer1 sunglass_concept1": 0.45, "layer2 sunglass_concept4-layer1 sunglass_concept1": 0.37600000000000006, "layer2 sunglass_concept5-layer1 sunglass_concept1": 0.45599999999999996, "layer2 sunglass_concept1-layer1 sunglass_concept4": 0.5411764705882354, "layer2 sunglass_concept7-layer1 sunglass_concept4": 0.3961538461538462, "layer2 sunglass_concept3-layer1 sunglass_concept4": 0.45, "layer2 sunglass_concept6-layer1 sunglass_concept4": 0.5566666666666666, "layer2 sunglass_concept2-layer1 sunglass_concept4": 0.42727272727272725, "layer2 sunglass_concept4-layer1 sunglass_concept4": 0.44800000000000006, "layer2 sunglass_concept5-layer1 sunglass_concept4": 0.492, "layer2 sunglass_concept1-layer1 sunglass_concept7": 0.5088235294117647, "layer2 sunglass_concept7-layer1 sunglass_concept7": 0.35384615384615387, "layer2 sunglass_concept3-layer1 sunglass_concept7": 0.446875, "layer2 sunglass_concept6-layer1 sunglass_concept7": 0.49333333333333335, "layer2 sunglass_concept2-layer1 sunglass_concept7": 0.3954545454545454, "layer2 sunglass_concept4-layer1 sunglass_concept7": 0.4120000000000001, "layer2 sunglass_concept5-layer1 sunglass_concept7": 0.502, "layer2 sunglass_concept1-layer1 sunglass_concept8": 0.5441176470588236, "layer2 sunglass_concept7-layer1 sunglass_concept8": 0.3846153846153846, "layer2 sunglass_concept3-layer1 sunglass_concept8": 0.428125, "layer2 sunglass_concept6-layer1 sunglass_concept8": 0.5166666666666666, "layer2 sunglass_concept2-layer1 sunglass_concept8": 0.41818181818181815, "layer2 sunglass_concept4-layer1 sunglass_concept8": 0.402, "layer2 sunglass_concept5-layer1 sunglass_concept8": 0.48, "layer2 sunglass_concept1-layer1 sunglass_concept5": 0.5264705882352942, "layer2 sunglass_concept7-layer1 sunglass_concept5": 0.4153846153846154, "layer2 sunglass_concept3-layer1 sunglass_concept5": 0.45, "layer2 sunglass_concept6-layer1 sunglass_concept5": 0.5433333333333332, "layer2 sunglass_concept2-layer1 sunglass_concept5": 0.459090909090909, "layer2 sunglass_concept4-layer1 sunglass_concept5": 0.4620000000000001, "layer2 sunglass_concept5-layer1 sunglass_concept5": 0.45, "layer2 sunglass_concept1-layer1 sunglass_concept3": 0.4794117647058823, "layer2 sunglass_concept7-layer1 sunglass_concept3": 0.31538461538461543, "layer2 sunglass_concept3-layer1 sunglass_concept3": 0.38125, "layer2 sunglass_concept6-layer1 sunglass_concept3": 0.4566666666666667, "layer2 sunglass_concept2-layer1 sunglass_concept3": 0.36363636363636365, "layer2 sunglass_concept4-layer1 sunglass_concept3": 0.394, "layer2 sunglass_concept5-layer1 sunglass_concept3": 0.46399999999999997, "layer2 sunglass_concept1-layer1 sunglass_concept2": 0.5294117647058824, "layer2 sunglass_concept7-layer1 sunglass_concept2": 0.36538461538461536, "layer2 sunglass_concept3-layer1 sunglass_concept2": 0.38125, "layer2 sunglass_concept6-layer1 sunglass_concept2": 0.5133333333333333, "layer2 sunglass_concept2-layer1 sunglass_concept2": 0.3840909090909091, "layer2 sunglass_concept4-layer1 sunglass_concept2": 0.42400000000000004, "layer2 sunglass_concept5-layer1 sunglass_concept2": 0.44400000000000006, "layer2 sunglass_concept1-layer1 random_discovery": 0.5264705882352942, "layer2 sunglass_concept7-layer1 random_discovery": 0.4384615384615384, "layer2 sunglass_concept3-layer1 random_discovery": 0.496875, "layer2 sunglass_concept6-layer1 random_discovery": 0.5733333333333333, "layer2 sunglass_concept2-layer1 random_discovery": 0.5318181818181819, "layer2 sunglass_concept4-layer1 random_discovery": 0.49400000000000005, "layer2 sunglass_concept5-layer1 random_discovery": 0.476}, "layer2": {"layer3 sunglass_concept4-layer2 sunglass_concept1": 0.5272727272727272, "layer3 sunglass_concept2-layer2 sunglass_concept1": 0.58125, "layer3 sunglass_concept1-layer2 sunglass_concept1": 0.5999999999999999, "layer3 sunglass_concept3-layer2 sunglass_concept1": 0.5199999999999999, "layer3 sunglass_concept4-layer2 sunglass_concept7": 0.47727272727272735, "layer3 sunglass_concept2-layer2 sunglass_concept7": 0.575, "layer3 sunglass_concept1-layer2 sunglass_concept7": 0.53, "layer3 sunglass_concept3-layer2 sunglass_concept7": 0.4933333333333333, "layer3 sunglass_concept4-layer2 sunglass_concept3": 0.4545454545454545, "layer3 sunglass_concept2-layer2 sunglass_concept3": 0.6375, "layer3 sunglass_concept1-layer2 sunglass_concept3": 0.69, "layer3 sunglass_concept3-layer2 sunglass_concept3": 0.5833333333333333, "layer3 sunglass_concept4-layer2 sunglass_concept6": 0.46818181818181825, "layer3 sunglass_concept2-layer2 sunglass_concept6": 0.703125, "layer3 sunglass_concept1-layer2 sunglass_concept6": 0.72, "layer3 sunglass_concept3-layer2 sunglass_concept6": 0.5899999999999999, "layer3 sunglass_concept4-layer2 sunglass_concept2": 0.5136363636363636, "layer3 sunglass_concept2-layer2 sunglass_concept2": 0.659375, "layer3 sunglass_concept1-layer2 sunglass_concept2": 0.6649999999999999, "layer3 sunglass_concept3-layer2 sunglass_concept2": 0.5899999999999999, "layer3 sunglass_concept4-layer2 sunglass_concept4": 0.509090909090909, "layer3 sunglass_concept2-layer2 sunglass_concept4": 0.734375, "layer3 sunglass_concept1-layer2 sunglass_concept4": 0.765, "layer3 sunglass_concept3-layer2 sunglass_concept4": 0.6199999999999999, "layer3 sunglass_concept4-layer2 sunglass_concept5": 0.4909090909090909, "layer3 sunglass_concept2-layer2 sunglass_concept5": 0.653125, "layer3 sunglass_concept1-layer2 sunglass_concept5": 0.5499999999999999, "layer3 sunglass_concept3-layer2 sunglass_concept5": 0.5266666666666666, "layer3 sunglass_concept4-layer2 random_discovery": 0.4545454545454545, "layer3 sunglass_concept2-layer2 random_discovery": 0.45625, "layer3 sunglass_concept1-layer2 random_discovery": 0.5, "layer3 sunglass_concept3-layer2 random_discovery": 0.39333333333333337}, "layer3": {"layer4 sunglass_concept4-layer3 sunglass_concept4": 0.575, "layer4 sunglass_concept2-layer3 sunglass_concept4": 0.5349999999999999, "layer4 sunglass_concept3-layer3 sunglass_concept4": 0.38000000000000006, "layer4 sunglass_concept1-layer3 sunglass_concept4": 0.475, "layer4 sunglass_concept4-layer3 sunglass_concept2": 0.5541666666666668, "layer4 sunglass_concept2-layer3 sunglass_concept2": 0.48, "layer4 sunglass_concept3-layer3 sunglass_concept2": 0.43499999999999994, "layer4 sunglass_concept1-layer3 sunglass_concept2": 0.51, "layer4 sunglass_concept4-layer3 sunglass_concept1": 0.4666666666666665, "layer4 sunglass_concept2-layer3 sunglass_concept1": 0.31, "layer4 sunglass_concept3-layer3 sunglass_concept1": 0.34, "layer4 sunglass_concept1-layer3 sunglass_concept1": 0.44000000000000006, "layer4 sunglass_concept4-layer3 sunglass_concept3": 0.38749999999999996,