{"edge_weights": {"2": {"5 tennis_ball_concept6-2 tennis_ball_concept3": 0.44791666666666663, "5 tennis_ball_concept2-2 tennis_ball_concept3": 0.43636363636363634, "5 tennis_ball_concept3-2 tennis_ball_concept3": 0.5115384615384615, "5 tennis_ball_concept5-2 tennis_ball_concept3": 0.3576923076923077, "5 tennis_ball_concept1-2 tennis_ball_concept3": 0.43125, "5 tennis_ball_concept4-2 tennis_ball_concept3": 0.44750000000000006, "5 tennis_ball_concept6-2 tennis_ball_concept2": 0.48958333333333337, "5 tennis_ball_concept2-2 tennis_ball_concept2": 0.46363636363636357, "5 tennis_ball_concept3-2 tennis_ball_concept2": 0.45, "5 tennis_ball_concept5-2 tennis_ball_concept2": 0.3576923076923077, "5 tennis_ball_concept1-2 tennis_ball_concept2": 0.296875, "5 tennis_ball_concept4-2 tennis_ball_concept2": 0.445, "5 tennis_ball_concept6-2 tennis_ball_concept4": 0.5041666666666667, "5 tennis_ball_concept2-2 tennis_ball_concept4": 0.5075757575757576, "5 tennis_ball_concept3-2 tennis_ball_concept4": 0.5230769230769231, "5 tennis_ball_concept5-2 tennis_ball_concept4": 0.4615384615384615, "5 tennis_ball_concept1-2 tennis_ball_concept4": 0.440625, "5 tennis_ball_concept4-2 tennis_ball_concept4": 0.4574999999999999, "5 tennis_ball_concept6-2 tennis_ball_concept1": 0.5541666666666667, "5 tennis_ball_concept2-2 tennis_ball_concept1": 0.5060606060606061, "5 tennis_ball_concept3-2 tennis_ball_concept1": 0.4269230769230769, "5 tennis_ball_concept5-2 tennis_ball_concept1": 0.48461538461538467, "5 tennis_ball_concept1-2 tennis_ball_concept1": 0.35, "5 tennis_ball_concept4-2 tennis_ball_concept1": 0.4625, "5 tennis_ball_concept6-2 tennis_ball_concept5": 0.4791666666666667, "5 tennis_ball_concept2-2 tennis_ball_concept5": 0.46060606060606063, "5 tennis_ball_concept3-2 tennis_ball_concept5": 0.5, "5 tennis_ball_concept5-2 tennis_ball_concept5": 0.526923076923077, "5 tennis_ball_concept1-2 tennis_ball_concept5": 0.41875, "5 tennis_ball_concept4-2 tennis_ball_concept5": 0.41000000000000003, "5 tennis_ball_concept6-2 random_discovery": 0.5166666666666666, "5 tennis_ball_concept2-2 random_discovery": 0.4833333333333333, "5 tennis_ball_concept3-2 random_discovery": 0.48461538461538456, "5 tennis_ball_concept5-2 random_discovery": 0.49615384615384617, "5 tennis_ball_concept1-2 random_discovery": 0.490625, "5 tennis_ball_concept4-2 random_discovery": 0.465}, "5": {"8 tennis_ball_concept3-5 tennis_ball_concept6": 0.5791666666666667, "8 tennis_ball_concept8-5 tennis_ball_concept6": 0.45625, "8 tennis_ball_concept5-5 tennis_ball_concept6": 0.5339285714285714, "8 tennis_ball_concept6-5 tennis_ball_concept6": 0.5, "8 tennis_ball_concept1-5 tennis_ball_concept6": 0.6181818181818182, "8 tennis_ball_concept4-5 tennis_ball_concept6": 0.48571428571428577, "8 tennis_ball_concept2-5 tennis_ball_concept6": 0.44545454545454544, "8 tennis_ball_concept7-5 tennis_ball_concept6": 0.4590909090909091, "8 tennis_ball_concept3-5 tennis_ball_concept2": 0.6041666666666666, "8 tennis_ball_concept8-5 tennis_ball_concept2": 0.50625, "8 tennis_ball_concept5-5 tennis_ball_concept2": 0.49107142857142855, "8 tennis_ball_concept6-5 tennis_ball_concept2": 0.5416666666666666, "8 tennis_ball_concept1-5 tennis_ball_concept2": 0.6409090909090909, "8 tennis_ball_concept4-5 tennis_ball_concept2": 0.4392857142857142, "8 tennis_ball_concept2-5 tennis_ball_concept2": 0.46818181818181825, "8 tennis_ball_concept7-5 tennis_ball_concept2": 0.46363636363636357, "8 tennis_ball_concept3-5 tennis_ball_concept3": 0.5333333333333333, "8 tennis_ball_concept8-5 tennis_ball_concept3": 0.515625, "8 tennis_ball_concept5-5 tennis_ball_concept3": 0.4696428571428572, "8 tennis_ball_concept6-5 tennis_ball_concept3": 0.4041666666666666, "8 tennis_ball_concept1-5 tennis_ball_concept3": 0.509090909090909, "8 tennis_ball_concept4-5 tennis_ball_concept3": 0.4535714285714286, "8 tennis_ball_concept2-5 tennis_ball_concept3": 0.43636363636363634, "8 tennis_ball_concept7-5 tennis_ball_concept3": 0.47727272727272735, "8 tennis_ball_concept3-5 tennis_ball_concept5": 0.5208333333333334, "8 tennis_ball_concept8-5 tennis_ball_concept5": 0.534375, "8 tennis_ball_concept5-5 tennis_ball_concept5": 0.5017857142857143, "8 tennis_ball_concept6-5 tennis_ball_concept5": 0.4875000000000001, "8 tennis_ball_concept1-5 tennis_ball_concept5": 0.5681818181818181, "8 tennis_ball_concept4-5 tennis_ball_concept5": 0.45357142857142857, "8 tennis_ball_concept2-5 tennis_ball_concept5": 0.48636363636363633, "8 tennis_ball_concept7-5 tennis_ball_concept5": 0.5045454545454544, "8 tennis_ball_concept3-5 tennis_ball_concept1": 0.5583333333333333, "8 tennis_ball_concept8-5 tennis_ball_concept1": 0.48125, "8 tennis_ball_concept5-5 tennis_ball_concept1": 0.47857142857142854, "8 tennis_ball_concept6-5 tennis_ball_concept1": 0.5250000000000001, "8 tennis_ball_concept1-5 tennis_ball_concept1": 0.5318181818181817, "8 tennis_ball_concept4-5 tennis_ball_concept1": 0.49285714285714277, "8 tennis_ball_concept2-5 tennis_ball_concept1": 0.4136363636363636, "8 tennis_ball_concept7-5 tennis_ball_concept1": 0.4909090909090909, "8 tennis_ball_concept3-5 tennis_ball_concept4": 0.5, "8 tennis_ball_concept8-5 tennis_ball_concept4": 0.43125, "8 tennis_ball_concept5-5 tennis_ball_concept4": 0.42142857142857143, "8 tennis_ball_concept6-5 tennis_ball_concept4": 0.39583333333333337, "8 tennis_ball_concept1-5 tennis_ball_concept4": 0.5, "8 tennis_ball_concept4-5 tennis_ball_concept4": 0.39285714285714285, "8 tennis_ball_concept2-5 tennis_ball_concept4": 0.44545454545454544, "8 tennis_ball_concept7-5 tennis_ball_concept4": 0.44545454545454544, "8 tennis_ball_concept3-5 random_discovery": 0.5541666666666667, "8 tennis_ball_concept8-5 random_discovery": 0.6125, "8 tennis_ball_concept5-5 random_discovery": 0.42857142857142866, "8 tennis_ball_concept6-5 random_discovery": 0.5083333333333333, "8 tennis_ball_concept1-5 random_discovery": 0.5954545454545455, "8 tennis_ball_concept4-5 random_discovery": 0.5607142857142857, "8 tennis_ball_concept2-5 random_discovery": 0.5772727272727273, "8 tennis_ball_concept7-5 random_discovery": 0.5272727272727272}, "8": {"10 tennis_ball_concept1-8 tennis_ball_concept3": 0.74, "10 tennis_ball_concept1-8 tennis_ball_concept8": 0.735, "10 tennis_ball_concept1-8 tennis_ball_concept5": 0.5999999999999999, "10 tennis_ball_concept1-8 tennis_ball_concept6": 0.595, "10 tennis_ball_concept1-8 tennis_ball_concept1": 0.5599999999999999, "10 tennis_ball_concept1-8 tennis_ball_concept4": 0.69, "10 tennis_ball_concept1-8 tennis_ball_concept2": 0.675, "10 tennis_ball_concept1-8 tennis_ball_concept7": 0.58, "10 tennis_ball_concept1-8 random_discovery": 0.4600000000000001}, "10": {"class tennis_ball-10 tennis_ball_concept1": 0.546, "class tennis_ball-10 random_discovery": 0.7150000000000001}}, "images": {"2": ["demo_outputs2_processed/vit_b_4Lay/tennis_ball/2/tennis_ball_concept3", "demo_outputs2_processed/vit_b_4Lay/tennis_ball/2/tennis_ball_concept2", "demo_outputs2_processed/vit_b_4Lay/tennis_ball/2/tennis_ball_concept4", "demo_outputs2_processed/vit_b_4Lay/tennis_ball/2/tennis_ball_concept1", "demo_outputs2_processed/vit_b_4Lay/tennis_ball/2/tennis_ball_concept5"], "5": ["demo_outputs2_processed/vit_b_4Lay/tennis_ball/5/tennis_ball_concept6", "demo_outputs2_processed/vit_b_4Lay/tennis_ball/5/tennis_ball_concept2", "demo_outputs2_processed/vit_b_4Lay/tennis_ball/5/tennis_ball_concept3", "demo_outputs2_processed/vit_b_4Lay/tennis_ball/5/tennis_ball_concept5", "demo_outputs2_processed/vit_b_4Lay/tennis_ball/5/tennis_ball_concept1", "demo_outputs2_processed/vit_b_4Lay/tennis_ball/5/tennis_ball_concept4"],