{"edge_weights": {"layer1": {"layer2 sunglass_concept8-layer1 sunglass_concept3": 0.4375, "layer2 sunglass_concept4-layer1 sunglass_concept3": 0.421875, "layer2 sunglass_concept3-layer1 sunglass_concept3": 0.48611111111111116, "layer2 sunglass_concept5-layer1 sunglass_concept3": 0.3863636363636363, "layer2 sunglass_concept6-layer1 sunglass_concept3": 0.44000000000000006, "layer2 sunglass_concept7-layer1 sunglass_concept3": 0.49423076923076925, "layer2 sunglass_concept2-layer1 sunglass_concept3": 0.48863636363636365, "layer2 sunglass_concept1-layer1 sunglass_concept3": 0.4769230769230769, "layer2 sunglass_concept8-layer1 sunglass_concept5": 0.4482142857142858, "layer2 sunglass_concept4-layer1 sunglass_concept5": 0.4875, "layer2 sunglass_concept3-layer1 sunglass_concept5": 0.43888888888888883, "layer2 sunglass_concept5-layer1 sunglass_concept5": 0.4295454545454545, "layer2 sunglass_concept6-layer1 sunglass_concept5": 0.42600000000000005, "layer2 sunglass_concept7-layer1 sunglass_concept5": 0.4903846153846154, "layer2 sunglass_concept2-layer1 sunglass_concept5": 0.44545454545454544, "layer2 sunglass_concept1-layer1 sunglass_concept5": 0.5346153846153847, "layer2 sunglass_concept8-layer1 sunglass_concept4": 0.4321428571428571, "layer2 sunglass_concept4-layer1 sunglass_concept4": 0.409375, "layer2 sunglass_concept3-layer1 sunglass_concept4": 0.43888888888888894, "layer2 sunglass_concept5-layer1 sunglass_concept4": 0.41818181818181815, "layer2 sunglass_concept6-layer1 sunglass_concept4": 0.36800000000000005, "layer2 sunglass_concept7-layer1 sunglass_concept4": 0.4134615384615385, "layer2 sunglass_concept2-layer1 sunglass_concept4": 0.3818181818181817, "layer2 sunglass_concept1-layer1 sunglass_concept4": 0.49230769230769234, "layer2 sunglass_concept8-layer1 sunglass_concept8": 0.5214285714285716, "layer2 sunglass_concept4-layer1 sunglass_concept8": 0.45625, "layer2 sunglass_concept3-layer1 sunglass_concept8": 0.4833333333333333, "layer2 sunglass_concept5-layer1 sunglass_concept8": 0.525, "layer2 sunglass_concept6-layer1 sunglass_concept8": 0.38800000000000007, "layer2 sunglass_concept7-layer1 sunglass_concept8": 0.45769230769230773, "layer2 sunglass_concept2-layer1 sunglass_concept8": 0.5545454545454545, "layer2 sunglass_concept1-layer1 sunglass_concept8": 0.5153846153846153, "layer2 sunglass_concept8-layer1 sunglass_concept2": 0.4482142857142857, "layer2 sunglass_concept4-layer1 sunglass_concept2": 0.384375, "layer2 sunglass_concept3-layer1 sunglass_concept2": 0.42777777777777776, "layer2 sunglass_concept5-layer1 sunglass_concept2": 0.3681818181818182, "layer2 sunglass_concept6-layer1 sunglass_concept2": 0.38000000000000006, "layer2 sunglass_concept7-layer1 sunglass_concept2": 0.44423076923076926, "layer2 sunglass_concept2-layer1 sunglass_concept2": 0.43863636363636366, "layer2 sunglass_concept1-layer1 sunglass_concept2": 0.5884615384615384, "layer2 sunglass_concept8-layer1 sunglass_concept11": 0.46071428571428574, "layer2 sunglass_concept4-layer1 sunglass_concept11": 0.409375, "layer2 sunglass_concept3-layer1 sunglass_concept11": 0.46805555555555556, "layer2 sunglass_concept5-layer1 sunglass_concept11": 0.4318181818181818, "layer2 sunglass_concept6-layer1 sunglass_concept11": 0.35800000000000004, "layer2 sunglass_concept7-layer1 sunglass_concept11": 0.4673076923076923, "layer2 sunglass_concept2-layer1 sunglass_concept11": 0.4818181818181818, "layer2 sunglass_concept1-layer1 sunglass_concept11": 0.49615384615384617, "layer2 sunglass_concept8-layer1 sunglass_concept7": 0.45714285714285713, "layer2 sunglass_concept4-layer1 sunglass_concept7": 0.421875, "layer2 sunglass_concept3-layer1 sunglass_concept7": 0.45138888888888895, "layer2 sunglass_concept5-layer1 sunglass_concept7": 0.36818181818181817, "layer2 sunglass_concept6-layer1 sunglass_concept7": 0.406, "layer2 sunglass_concept7-layer1 sunglass_concept7": 0.48269230769230775, "layer2 sunglass_concept2-layer1 sunglass_concept7": 0.49318181818181817, "layer2 sunglass_concept1-layer1 sunglass_concept7": 0.5692307692307692, "layer2 sunglass_concept8-layer1 sunglass_concept1": 0.46071428571428574, "layer2 sunglass_concept4-layer1 sunglass_concept1": 0.4, "layer2 sunglass_concept3-layer1 sunglass_concept1": 0.44305555555555554, "layer2 sunglass_concept5-layer1 sunglass_concept1": 0.4636363636363637, "layer2 sunglass_concept6-layer1 sunglass_concept1": 0.38200000000000006, "layer2 sunglass_concept7-layer1 sunglass_concept1": 0.4115384615384616, "layer2 sunglass_concept2-layer1 sunglass_concept1": 0.5045454545454546, "layer2 sunglass_concept1-layer1 sunglass_concept1": 0.5153846153846153, "layer2 sunglass_concept8-layer1 sunglass_concept6": 0.44642857142857145, "layer2 sunglass_concept4-layer1 sunglass_concept6": 0.3625, "layer2 sunglass_concept3-layer1 sunglass_concept6": 0.4291666666666667, "layer2 sunglass_concept5-layer1 sunglass_concept6": 0.5136363636363637, "layer2 sunglass_concept6-layer1 sunglass_concept6": 0.326, "layer2 sunglass_concept7-layer1 sunglass_concept6": 0.4153846153846154, "layer2 sunglass_concept2-layer1 sunglass_concept6": 0.4840909090909092, "layer2 sunglass_concept1-layer1 sunglass_concept6": 0.5153846153846153, "layer2 sunglass_concept8-layer1 sunglass_concept10": 0.4267857142857142, "layer2 sunglass_concept4-layer1 sunglass_concept10": 0.39375, "layer2 sunglass_concept3-layer1 sunglass_concept10": 0.4041666666666668, "layer2 sunglass_concept5-layer1 sunglass_concept10": 0.48636363636363644, "layer2 sunglass_concept6-layer1 sunglass_concept10": 0.34, "layer2 sunglass_concept7-layer1 sunglass_concept10": 0.4461538461538462, "layer2 sunglass_concept2-layer1 sunglass_concept10": 0.44545454545454544, "layer2 sunglass_concept1-layer1 sunglass_concept10": 0.55, "layer2 sunglass_concept8-layer1 sunglass_concept9": 0.5053571428571428, "layer2 sunglass_concept4-layer1 sunglass_concept9": 0.365625, "layer2 sunglass_concept3-layer1 sunglass_concept9": 0.4499999999999999, "layer2 sunglass_concept5-layer1 sunglass_concept9": 0.49772727272727274, "layer2 sunglass_concept6-layer1 sunglass_concept9": 0.338, "layer2 sunglass_concept7-layer1 sunglass_concept9": 0.475, "layer2 sunglass_concept2-layer1 sunglass_concept9": 0.509090909090909, "layer2 sunglass_concept1-layer1 sunglass_concept9": 0.5384615384615383, "layer2 sunglass_concept8-layer1 random_discovery": 0.5464285714285715, "layer2 sunglass_concept4-layer1 random_discovery": 0.41875, "layer2 sunglass_concept3-layer1 random_discovery": 0.5222222222222223, "layer2 sunglass_concept5-layer1 random_discovery": 0.475, "layer2 sunglass_concept6-layer1 random_discovery": 0.5199999999999999, "layer2 sunglass_concept7-layer1 random_discovery": 0.48269230769230764, "layer2 sunglass_concept2-layer1 random_discovery": 0.4590909090909091, "layer2 sunglass_concept1-layer1 random_discovery": 0.48461538461538467}, "layer2": {"layer3 sunglass_concept3-layer2 sunglass_concept8": 0.6333333333333333, "layer3 sunglass_concept5-layer2 sunglass_concept8": 0.4545454545454545, "layer3 sunglass_concept1-layer2 sunglass_concept8": 0.5526315789473684, "layer3 sunglass_concept7-layer2 sunglass_concept8": 0.6136363636363635, "layer3 sunglass_concept2-layer2 sunglass_concept8": 0.6, "layer3 sunglass_concept4-layer2 sunglass_concept8": 0.5958333333333332, "layer3 sunglass_concept6-layer2 sunglass_concept8": 0.5461538461538462, "layer3 sunglass_concept3-layer2 sunglass_concept4": 0.5708333333333334, "layer3 sunglass_concept5-layer2 sunglass_concept4": 0.5863636363636363, "layer3 sunglass_concept1-layer2 sunglass_concept4": 0.5605263157894738, "layer3 sunglass_concept7-layer2 sunglass_concept4": 0.5227272727272727, "layer3 sunglass_concept2-layer2 sunglass_concept4": 0.6409090909090909, "layer3 sunglass_concept4-layer2 sunglass_concept4": 0.5125, "layer3 sunglass_concept6-layer2 sunglass_concept4": 0.5769230769230769, "layer3 sunglass_concept3-layer2 sunglass_concept3": 0.6416666666666668, "layer3 sunglass_concept5-layer2 sunglass_concept3": 0.44545454545454544,