{"edge_weights": {"0": {"2 grey_fox_concept6-0 grey_fox_concept4": 0.4384615384615385, "2 grey_fox_concept7-0 grey_fox_concept4": 0.48461538461538467, "2 grey_fox_concept2-0 grey_fox_concept4": 0.453125, "2 grey_fox_concept1-0 grey_fox_concept4": 0.5499999999999999, "2 grey_fox_concept8-0 grey_fox_concept4": 0.47000000000000003, "2 grey_fox_concept10-0 grey_fox_concept4": 0.4566666666666667, "2 grey_fox_concept3-0 grey_fox_concept4": 0.45000000000000007, "2 grey_fox_concept5-0 grey_fox_concept4": 0.509090909090909, "2 grey_fox_concept11-0 grey_fox_concept4": 0.4579999999999999, "2 grey_fox_concept4-0 grey_fox_concept4": 0.5038461538461538, "2 grey_fox_concept9-0 grey_fox_concept4": 0.4714285714285714, "2 grey_fox_concept6-0 grey_fox_concept2": 0.4653846153846154, "2 grey_fox_concept7-0 grey_fox_concept2": 0.4538461538461539, "2 grey_fox_concept2-0 grey_fox_concept2": 0.546875, "2 grey_fox_concept1-0 grey_fox_concept2": 0.4619999999999999, "2 grey_fox_concept8-0 grey_fox_concept2": 0.48249999999999993, "2 grey_fox_concept10-0 grey_fox_concept2": 0.48999999999999994, "2 grey_fox_concept3-0 grey_fox_concept2": 0.5392857142857143, "2 grey_fox_concept5-0 grey_fox_concept2": 0.55, "2 grey_fox_concept11-0 grey_fox_concept2": 0.492, "2 grey_fox_concept4-0 grey_fox_concept2": 0.47307692307692306, "2 grey_fox_concept9-0 grey_fox_concept2": 0.5571428571428572, "2 grey_fox_concept6-0 grey_fox_concept9": 0.44615384615384623, "2 grey_fox_concept7-0 grey_fox_concept9": 0.4461538461538462, "2 grey_fox_concept2-0 grey_fox_concept9": 0.484375, "2 grey_fox_concept1-0 grey_fox_concept9": 0.44600000000000006, "2 grey_fox_concept8-0 grey_fox_concept9": 0.48249999999999993, "2 grey_fox_concept10-0 grey_fox_concept9": 0.5233333333333333, "2 grey_fox_concept3-0 grey_fox_concept9": 0.5357142857142857, "2 grey_fox_concept5-0 grey_fox_concept9": 0.5477272727272728, "2 grey_fox_concept11-0 grey_fox_concept9": 0.526, "2 grey_fox_concept4-0 grey_fox_concept9": 0.4865384615384615, "2 grey_fox_concept9-0 grey_fox_concept9": 0.5714285714285714, "2 grey_fox_concept6-0 grey_fox_concept8": 0.3961538461538462, "2 grey_fox_concept7-0 grey_fox_concept8": 0.46923076923076923, "2 grey_fox_concept2-0 grey_fox_concept8": 0.496875, "2 grey_fox_concept1-0 grey_fox_concept8": 0.48599999999999993, "2 grey_fox_concept8-0 grey_fox_concept8": 0.45249999999999996, "2 grey_fox_concept10-0 grey_fox_concept8": 0.5133333333333333, "2 grey_fox_concept3-0 grey_fox_concept8": 0.5107142857142858, "2 grey_fox_concept5-0 grey_fox_concept8": 0.5636363636363637, "2 grey_fox_concept11-0 grey_fox_concept8": 0.508, "2 grey_fox_concept4-0 grey_fox_concept8": 0.46153846153846156, "2 grey_fox_concept9-0 grey_fox_concept8": 0.5607142857142857, "2 grey_fox_concept6-0 grey_fox_concept10": 0.5461538461538462, "2 grey_fox_concept7-0 grey_fox_concept10": 0.4346153846153847, "2 grey_fox_concept2-0 grey_fox_concept10": 0.525, "2 grey_fox_concept1-0 grey_fox_concept10": 0.4739999999999999, "2 grey_fox_concept8-0 grey_fox_concept10": 0.52, "2 grey_fox_concept10-0 grey_fox_concept10": 0.55, "2 grey_fox_concept3-0 grey_fox_concept10": 0.5142857142857142, "2 grey_fox_concept5-0 grey_fox_concept10": 0.5886363636363636, "2 grey_fox_concept11-0 grey_fox_concept10": 0.522, "2 grey_fox_concept4-0 grey_fox_concept10": 0.475, "2 grey_fox_concept9-0 grey_fox_concept10": 0.5964285714285713, "2 grey_fox_concept6-0 grey_fox_concept5": 0.4461538461538462, "2 grey_fox_concept7-0 grey_fox_concept5": 0.46923076923076923, "2 grey_fox_concept2-0 grey_fox_concept5": 0.478125, "2 grey_fox_concept1-0 grey_fox_concept5": 0.48, "2 grey_fox_concept8-0 grey_fox_concept5": 0.47750000000000004, "2 grey_fox_concept10-0 grey_fox_concept5": 0.6066666666666667, "2 grey_fox_concept3-0 grey_fox_concept5": 0.4607142857142857, "2 grey_fox_concept5-0 grey_fox_concept5": 0.5659090909090909, "2 grey_fox_concept11-0 grey_fox_concept5": 0.51, "2 grey_fox_concept4-0 grey_fox_concept5": 0.45, "2 grey_fox_concept9-0 grey_fox_concept5": 0.5464285714285714, "2 grey_fox_concept6-0 grey_fox_concept7": 0.49615384615384617, "2 grey_fox_concept7-0 grey_fox_concept7": 0.4653846153846154, "2 grey_fox_concept2-0 grey_fox_concept7": 0.509375, "2 grey_fox_concept1-0 grey_fox_concept7": 0.4640000000000001, "2 grey_fox_concept8-0 grey_fox_concept7": 0.4825000000000001, "2 grey_fox_concept10-0 grey_fox_concept7": 0.4966666666666667, "2 grey_fox_concept3-0 grey_fox_concept7": 0.5035714285714286, "2 grey_fox_concept5-0 grey_fox_concept7": 0.5795454545454546, "2 grey_fox_concept11-0 grey_fox_concept7": 0.5039999999999999, "2 grey_fox_concept4-0 grey_fox_concept7": 0.4807692307692307, "2 grey_fox_concept9-0 grey_fox_concept7": 0.5857142857142856, "2 grey_fox_concept6-0 grey_fox_concept3": 0.46923076923076923, "2 grey_fox_concept7-0 grey_fox_concept3": 0.46923076923076923, "2 grey_fox_concept2-0 grey_fox_concept3": 0.54375, "2 grey_fox_concept1-0 grey_fox_concept3": 0.47000000000000003, "2 grey_fox_concept8-0 grey_fox_concept3": 0.5325, "2 grey_fox_concept10-0 grey_fox_concept3": 0.49000000000000005, "2 grey_fox_concept3-0 grey_fox_concept3": 0.4714285714285714, "2 grey_fox_concept5-0 grey_fox_concept3": 0.5727272727272729, "2 grey_fox_concept11-0 grey_fox_concept3": 0.502, "2 grey_fox_concept4-0 grey_fox_concept3": 0.4461538461538462, "2 grey_fox_concept9-0 grey_fox_concept3": 0.5999999999999999, "2 grey_fox_concept6-0 grey_fox_concept6": 0.5307692307692308, "2 grey_fox_concept7-0 grey_fox_concept6": 0.5384615384615384, "2 grey_fox_concept2-0 grey_fox_concept6": 0.415625, "2 grey_fox_concept1-0 grey_fox_concept6": 0.462, "2 grey_fox_concept8-0 grey_fox_concept6": 0.48, "2 grey_fox_concept10-0 grey_fox_concept6": 0.37, "2 grey_fox_concept3-0 grey_fox_concept6": 0.46071428571428574, "2 grey_fox_concept5-0 grey_fox_concept6": 0.40909090909090906, "2 grey_fox_concept11-0 grey_fox_concept6": 0.5259999999999999, "2 grey_fox_concept4-0 grey_fox_concept6": 0.5557692307692307, "2 grey_fox_concept9-0 grey_fox_concept6": 0.45, "2 grey_fox_concept6-0 grey_fox_concept11": 0.40384615384615385, "2 grey_fox_concept7-0 grey_fox_concept11": 0.5653846153846154, "2 grey_fox_concept2-0 grey_fox_concept11": 0.565625, "2 grey_fox_concept1-0 grey_fox_concept11": 0.462, "2 grey_fox_concept8-0 grey_fox_concept11": 0.49750000000000005, "2 grey_fox_concept10-0 grey_fox_concept11": 0.5966666666666667, "2 grey_fox_concept3-0 grey_fox_concept11": 0.45000000000000007, "2 grey_fox_concept5-0 grey_fox_concept11": 0.5068181818181818, "2 grey_fox_concept11-0 grey_fox_concept11": 0.522, "2 grey_fox_concept4-0 grey_fox_concept11": 0.4615384615384615, "2 grey_fox_concept9-0 grey_fox_concept11": 0.5928571428571427, "2 grey_fox_concept6-0 grey_fox_concept1": 0.5423076923076923, "2 grey_fox_concept7-0 grey_fox_concept1": 0.43076923076923085, "2 grey_fox_concept2-0 grey_fox_concept1": 0.496875, "2 grey_fox_concept1-0 grey_fox_concept1": 0.504, "2 grey_fox_concept8-0 grey_fox_concept1": 0.5425, "2 grey_fox_concept10-0 grey_fox_concept1": 0.5499999999999999, "2 grey_fox_concept3-0 grey_fox_concept1": 0.4642857142857143, "2 grey_fox_concept5-0 grey_fox_concept1": 0.5295454545454545, "2 grey_fox_concept11-0 grey_fox_concept1": 0.5239999999999999, "2 grey_fox_concept4-0 grey_fox_concept1": 0.48461538461538456, "2 grey_fox_concept9-0 grey_fox_concept1": 0.5714285714285714, "2 grey_fox_concept6-0 random_discovery": 0.5038461538461538, "2 grey_fox_concept7-0 random_discovery": 0.45384615384615384, "2 grey_fox_concept2-0 random_discovery": 0.4, "2 grey_fox_concept1-0 random_discovery": 0.458, "2 grey_fox_concept8-0 random_discovery": 0.51, "2 grey_fox_concept10-0 random_discovery": 0.6133333333333333, "2 grey_fox_concept3-0 random_discovery": 0.44642857142857145, "2 grey_fox_concept5-0 random_discovery": 0.5045454545454545, "2 grey_fox_concept11-0 random_discovery": 0.518, "2 grey_fox_concept4-0 random_discovery": 0.49615384615384617, "2 grey_fox_concept9-0 random_discovery": 0.5535714285714286},