{"edge_weights": {"8": {"15 sunglass_concept4-8 sunglass_concept2": 0.2666666666666667, "15 sunglass_concept6-8 sunglass_concept2": 0.21041666666666664, "15 sunglass_concept1-8 sunglass_concept2": 0.20652173913043476, "15 sunglass_concept7-8 sunglass_concept2": 0.2583333333333333, "15 sunglass_concept2-8 sunglass_concept2": 0.3413793103448276, "15 sunglass_concept3-8 sunglass_concept2": 0.25, "15 sunglass_concept5-8 sunglass_concept2": 0.326923076923077, "15 sunglass_concept8-8 sunglass_concept2": 0.3384615384615385, "15 sunglass_concept4-8 sunglass_concept10": 0.27666666666666667, "15 sunglass_concept6-8 sunglass_concept10": 0.20833333333333334, "15 sunglass_concept1-8 sunglass_concept10": 0.21521739130434786, "15 sunglass_concept7-8 sunglass_concept10": 0.24722222222222223, "15 sunglass_concept2-8 sunglass_concept10": 0.3241379310344828, "15 sunglass_concept3-8 sunglass_concept10": 0.25, "15 sunglass_concept5-8 sunglass_concept10": 0.26153846153846155, "15 sunglass_concept8-8 sunglass_concept10": 0.2692307692307693, "15 sunglass_concept4-8 sunglass_concept7": 0.38333333333333336, "15 sunglass_concept6-8 sunglass_concept7": 0.2458333333333334, "15 sunglass_concept1-8 sunglass_concept7": 0.2304347826086957, "15 sunglass_concept7-8 sunglass_concept7": 0.30277777777777776, "15 sunglass_concept2-8 sunglass_concept7": 0.353448275862069, "15 sunglass_concept3-8 sunglass_concept7": 0.25217391304347825, "15 sunglass_concept5-8 sunglass_concept7": 0.3307692307692308, "15 sunglass_concept8-8 sunglass_concept7": 0.2961538461538462, "15 sunglass_concept4-8 sunglass_concept11": 0.5199999999999999, "15 sunglass_concept6-8 sunglass_concept11": 0.4604166666666666, "15 sunglass_concept1-8 sunglass_concept11": 0.39565217391304347, "15 sunglass_concept7-8 sunglass_concept11": 0.43888888888888894, "15 sunglass_concept2-8 sunglass_concept11": 0.536206896551724, "15 sunglass_concept3-8 sunglass_concept11": 0.5217391304347826, "15 sunglass_concept5-8 sunglass_concept11": 0.5076923076923077, "15 sunglass_concept8-8 sunglass_concept11": 0.5115384615384615, "15 sunglass_concept4-8 sunglass_concept4": 0.3433333333333334, "15 sunglass_concept6-8 sunglass_concept4": 0.25625000000000003, "15 sunglass_concept1-8 sunglass_concept4": 0.2717391304347826, "15 sunglass_concept7-8 sunglass_concept4": 0.3194444444444444, "15 sunglass_concept2-8 sunglass_concept4": 0.3482758620689655, "15 sunglass_concept3-8 sunglass_concept4": 0.30434782608695654, "15 sunglass_concept5-8 sunglass_concept4": 0.326923076923077, "15 sunglass_concept8-8 sunglass_concept4": 0.2884615384615385, "15 sunglass_concept4-8 sunglass_concept8": 0.49333333333333335, "15 sunglass_concept6-8 sunglass_concept8": 0.28125, "15 sunglass_concept1-8 sunglass_concept8": 0.3282608695652174, "15 sunglass_concept7-8 sunglass_concept8": 0.3138888888888889, "15 sunglass_concept2-8 sunglass_concept8": 0.4086206896551724, "15 sunglass_concept3-8 sunglass_concept8": 0.3391304347826087, "15 sunglass_concept5-8 sunglass_concept8": 0.426923076923077, "15 sunglass_concept8-8 sunglass_concept8": 0.31538461538461543, "15 sunglass_concept4-8 sunglass_concept5": 0.38, "15 sunglass_concept6-8 sunglass_concept5": 0.20833333333333334, "15 sunglass_concept1-8 sunglass_concept5": 0.2934782608695652, "15 sunglass_concept7-8 sunglass_concept5": 0.31666666666666665, "15 sunglass_concept2-8 sunglass_concept5": 0.3706896551724138, "15 sunglass_concept3-8 sunglass_concept5": 0.25652173913043474, "15 sunglass_concept5-8 sunglass_concept5": 0.36923076923076925, "15 sunglass_concept8-8 sunglass_concept5": 0.2576923076923077, "15 sunglass_concept4-8 sunglass_concept6": 0.32999999999999996, "15 sunglass_concept6-8 sunglass_concept6": 0.25625, "15 sunglass_concept1-8 sunglass_concept6": 0.23695652173913045, "15 sunglass_concept7-8 sunglass_concept6": 0.23888888888888887, "15 sunglass_concept2-8 sunglass_concept6": 0.37931034482758624, "15 sunglass_concept3-8 sunglass_concept6": 0.29347826086956524, "15 sunglass_concept5-8 sunglass_concept6": 0.2884615384615385, "15 sunglass_concept8-8 sunglass_concept6": 0.3461538461538462, "15 sunglass_concept4-8 sunglass_concept12": 0.5533333333333333, "15 sunglass_concept6-8 sunglass_concept12": 0.32916666666666666, "15 sunglass_concept1-8 sunglass_concept12": 0.3956521739130435, "15 sunglass_concept7-8 sunglass_concept12": 0.4222222222222222, "15 sunglass_concept2-8 sunglass_concept12": 0.38103448275862073, "15 sunglass_concept3-8 sunglass_concept12": 0.4021739130434783, "15 sunglass_concept5-8 sunglass_concept12": 0.41923076923076924, "15 sunglass_concept8-8 sunglass_concept12": 0.40769230769230774, "15 sunglass_concept4-8 sunglass_concept1": 0.47000000000000003, "15 sunglass_concept6-8 sunglass_concept1": 0.33333333333333337, "15 sunglass_concept1-8 sunglass_concept1": 0.2934782608695653, "15 sunglass_concept7-8 sunglass_concept1": 0.3416666666666667, "15 sunglass_concept2-8 sunglass_concept1": 0.4068965517241379, "15 sunglass_concept3-8 sunglass_concept1": 0.4021739130434783, "15 sunglass_concept5-8 sunglass_concept1": 0.40769230769230774, "15 sunglass_concept8-8 sunglass_concept1": 0.4000000000000001, "15 sunglass_concept4-8 sunglass_concept9": 0.44333333333333325, "15 sunglass_concept6-8 sunglass_concept9": 0.28124999999999994, "15 sunglass_concept1-8 sunglass_concept9": 0.3434782608695651, "15 sunglass_concept7-8 sunglass_concept9": 0.3055555555555556, "15 sunglass_concept2-8 sunglass_concept9": 0.3241379310344828, "15 sunglass_concept3-8 sunglass_concept9": 0.3065217391304348, "15 sunglass_concept5-8 sunglass_concept9": 0.31538461538461543, "15 sunglass_concept8-8 sunglass_concept9": 0.3846153846153847, "15 sunglass_concept4-8 sunglass_concept3": 0.5133333333333333, "15 sunglass_concept6-8 sunglass_concept3": 0.3895833333333333, "15 sunglass_concept1-8 sunglass_concept3": 0.4108695652173913, "15 sunglass_concept7-8 sunglass_concept3": 0.43611111111111117, "15 sunglass_concept2-8 sunglass_concept3": 0.4724137931034482, "15 sunglass_concept3-8 sunglass_concept3": 0.46521739130434786, "15 sunglass_concept5-8 sunglass_concept3": 0.4115384615384616, "15 sunglass_concept8-8 sunglass_concept3": 0.46923076923076923, "15 sunglass_concept4-8 random_discovery": 0.4333333333333333, "15 sunglass_concept6-8 random_discovery": 0.45625, "15 sunglass_concept1-8 random_discovery": 0.5304347826086956, "15 sunglass_concept7-8 random_discovery": 0.4111111111111111, "15 sunglass_concept2-8 random_discovery": 0.41034482758620694, "15 sunglass_concept3-8 random_discovery": 0.38913043478260867, "15 sunglass_concept5-8 random_discovery": 0.48076923076923084, "15 sunglass_concept8-8 random_discovery": 0.426923076923077}, "15": {"22 sunglass_concept3-15 sunglass_concept4": 0.1730769230769231, "22 sunglass_concept1-15 sunglass_concept4": 0.168, "22 sunglass_concept4-15 sunglass_concept4": 0.17833333333333334, "22 sunglass_concept2-15 sunglass_concept4": 0.19583333333333333, "22 sunglass_concept3-15 sunglass_concept6": 0.1423076923076923, "22 sunglass_concept1-15 sunglass_concept6": 0.12800000000000003, "22 sunglass_concept4-15 sunglass_concept6": 0.16666666666666669, "22 sunglass_concept2-15 sunglass_concept6": 0.20833333333333331, "22 sunglass_concept3-15 sunglass_concept1": 0.24230769230769234, "22 sunglass_concept1-15 sunglass_concept1": 0.13000000000000003, "22 sunglass_concept4-15 sunglass_concept1": 0.22333333333333333, "22 sunglass_concept2-15 sunglass_concept1": 0.2833333333333333, "22 sunglass_concept3-15 sunglass_concept7": 0.4115384615384616, "22 sunglass_concept1-15 sunglass_concept7": 0.2780000000000001, "22 sunglass_concept4-15 sunglass_concept7": 0.3716666666666667, "22 sunglass_concept2-15 sunglass_concept7": 0.4291666666666667, "22 sunglass_concept3-15 sunglass_concept2": 0.29615384615384616, "22 sunglass_concept1-15 sunglass_concept2": 0.29200000000000004, "22 sunglass_concept4-15 sunglass_concept2": 0.33499999999999996, "22 sunglass_concept2-15 sunglass_concept2": 0.3958333333333333,