{"edge_weights": {"layer1": {"layer2 grey_fox_concept5-layer1 grey_fox_concept10": 0.42321428571428577, "layer2 grey_fox_concept4-layer1 grey_fox_concept10": 0.4803571428571427, "layer2 grey_fox_concept1-layer1 grey_fox_concept10": 0.42142857142857143, "layer2 grey_fox_concept7-layer1 grey_fox_concept10": 0.49473684210526303, "layer2 grey_fox_concept6-layer1 grey_fox_concept10": 0.559375, "layer2 grey_fox_concept2-layer1 grey_fox_concept10": 0.44000000000000006, "layer2 grey_fox_concept3-layer1 grey_fox_concept10": 0.44333333333333336, "layer2 grey_fox_concept5-layer1 grey_fox_concept7": 0.4660714285714286, "layer2 grey_fox_concept4-layer1 grey_fox_concept7": 0.5392857142857144, "layer2 grey_fox_concept1-layer1 grey_fox_concept7": 0.5142857142857142, "layer2 grey_fox_concept7-layer1 grey_fox_concept7": 0.5184210526315789, "layer2 grey_fox_concept6-layer1 grey_fox_concept7": 0.5375, "layer2 grey_fox_concept2-layer1 grey_fox_concept7": 0.45000000000000007, "layer2 grey_fox_concept3-layer1 grey_fox_concept7": 0.5166666666666666, "layer2 grey_fox_concept5-layer1 grey_fox_concept3": 0.41607142857142854, "layer2 grey_fox_concept4-layer1 grey_fox_concept3": 0.47678571428571426, "layer2 grey_fox_concept1-layer1 grey_fox_concept3": 0.4, "layer2 grey_fox_concept7-layer1 grey_fox_concept3": 0.4473684210526315, "layer2 grey_fox_concept6-layer1 grey_fox_concept3": 0.55625, "layer2 grey_fox_concept2-layer1 grey_fox_concept3": 0.45000000000000007, "layer2 grey_fox_concept3-layer1 grey_fox_concept3": 0.45, "layer2 grey_fox_concept5-layer1 grey_fox_concept5": 0.43392857142857144, "layer2 grey_fox_concept4-layer1 grey_fox_concept5": 0.5321428571428571, "layer2 grey_fox_concept1-layer1 grey_fox_concept5": 0.4321428571428571, "layer2 grey_fox_concept7-layer1 grey_fox_concept5": 0.4710526315789473, "layer2 grey_fox_concept6-layer1 grey_fox_concept5": 0.528125, "layer2 grey_fox_concept2-layer1 grey_fox_concept5": 0.45666666666666667, "layer2 grey_fox_concept3-layer1 grey_fox_concept5": 0.4999999999999999, "layer2 grey_fox_concept5-layer1 grey_fox_concept9": 0.46964285714285714, "layer2 grey_fox_concept4-layer1 grey_fox_concept9": 0.48035714285714287, "layer2 grey_fox_concept1-layer1 grey_fox_concept9": 0.40714285714285714, "layer2 grey_fox_concept7-layer1 grey_fox_concept9": 0.3921052631578947, "layer2 grey_fox_concept6-layer1 grey_fox_concept9": 0.490625, "layer2 grey_fox_concept2-layer1 grey_fox_concept9": 0.3633333333333333, "layer2 grey_fox_concept3-layer1 grey_fox_concept9": 0.3966666666666667, "layer2 grey_fox_concept5-layer1 grey_fox_concept6": 0.45357142857142857, "layer2 grey_fox_concept4-layer1 grey_fox_concept6": 0.5125000000000001, "layer2 grey_fox_concept1-layer1 grey_fox_concept6": 0.39999999999999997, "layer2 grey_fox_concept7-layer1 grey_fox_concept6": 0.43684210526315786, "layer2 grey_fox_concept6-layer1 grey_fox_concept6": 0.46875, "layer2 grey_fox_concept2-layer1 grey_fox_concept6": 0.4166666666666667, "layer2 grey_fox_concept3-layer1 grey_fox_concept6": 0.44333333333333347, "layer2 grey_fox_concept5-layer1 grey_fox_concept1": 0.47142857142857136, "layer2 grey_fox_concept4-layer1 grey_fox_concept1": 0.4750000000000001, "layer2 grey_fox_concept1-layer1 grey_fox_concept1": 0.43571428571428567, "layer2 grey_fox_concept7-layer1 grey_fox_concept1": 0.47894736842105257, "layer2 grey_fox_concept6-layer1 grey_fox_concept1": 0.49375, "layer2 grey_fox_concept2-layer1 grey_fox_concept1": 0.38, "layer2 grey_fox_concept3-layer1 grey_fox_concept1": 0.5, "layer2 grey_fox_concept5-layer1 grey_fox_concept11": 0.44107142857142845, "layer2 grey_fox_concept4-layer1 grey_fox_concept11": 0.4553571428571429, "layer2 grey_fox_concept1-layer1 grey_fox_concept11": 0.38928571428571435, "layer2 grey_fox_concept7-layer1 grey_fox_concept11": 0.4736842105263158, "layer2 grey_fox_concept6-layer1 grey_fox_concept11": 0.521875, "layer2 grey_fox_concept2-layer1 grey_fox_concept11": 0.40333333333333343, "layer2 grey_fox_concept3-layer1 grey_fox_concept11": 0.42666666666666664, "layer2 grey_fox_concept5-layer1 grey_fox_concept8": 0.44464285714285723, "layer2 grey_fox_concept4-layer1 grey_fox_concept8": 0.46785714285714286, "layer2 grey_fox_concept1-layer1 grey_fox_concept8": 0.4928571428571429, "layer2 grey_fox_concept7-layer1 grey_fox_concept8": 0.4657894736842104, "layer2 grey_fox_concept6-layer1 grey_fox_concept8": 0.5, "layer2 grey_fox_concept2-layer1 grey_fox_concept8": 0.36, "layer2 grey_fox_concept3-layer1 grey_fox_concept8": 0.42333333333333334, "layer2 grey_fox_concept5-layer1 grey_fox_concept2": 0.5321428571428571, "layer2 grey_fox_concept4-layer1 grey_fox_concept2": 0.5071428571428572, "layer2 grey_fox_concept1-layer1 grey_fox_concept2": 0.5285714285714286, "layer2 grey_fox_concept7-layer1 grey_fox_concept2": 0.4342105263157894, "layer2 grey_fox_concept6-layer1 grey_fox_concept2": 0.4875, "layer2 grey_fox_concept2-layer1 grey_fox_concept2": 0.4800000000000001, "layer2 grey_fox_concept3-layer1 grey_fox_concept2": 0.4666666666666667, "layer2 grey_fox_concept5-layer1 grey_fox_concept4": 0.41607142857142854, "layer2 grey_fox_concept4-layer1 grey_fox_concept4": 0.41785714285714287, "layer2 grey_fox_concept1-layer1 grey_fox_concept4": 0.42142857142857154, "layer2 grey_fox_concept7-layer1 grey_fox_concept4": 0.44999999999999984, "layer2 grey_fox_concept6-layer1 grey_fox_concept4": 0.46875, "layer2 grey_fox_concept2-layer1 grey_fox_concept4": 0.44333333333333336, "layer2 grey_fox_concept3-layer1 grey_fox_concept4": 0.46333333333333326, "layer2 grey_fox_concept5-layer1 random_discovery": 0.41785714285714287, "layer2 grey_fox_concept4-layer1 random_discovery": 0.475, "layer2 grey_fox_concept1-layer1 random_discovery": 0.47857142857142854, "layer2 grey_fox_concept7-layer1 random_discovery": 0.46842105263157896, "layer2 grey_fox_concept6-layer1 random_discovery": 0.46875, "layer2 grey_fox_concept2-layer1 random_discovery": 0.4933333333333333, "layer2 grey_fox_concept3-layer1 random_discovery": 0.44666666666666666}, "layer2": {"layer3 grey_fox_concept5-layer2 grey_fox_concept5": 0.5363636363636364, "layer3 grey_fox_concept4-layer2 grey_fox_concept5": 0.471875, "layer3 grey_fox_concept6-layer2 grey_fox_concept5": 0.6227272727272727, "layer3 grey_fox_concept1-layer2 grey_fox_concept5": 0.44545454545454544, "layer3 grey_fox_concept3-layer2 grey_fox_concept5": 0.5304347826086956, "layer3 grey_fox_concept2-layer2 grey_fox_concept5": 0.32307692307692304, "layer3 grey_fox_concept5-layer2 grey_fox_concept4": 0.5318181818181819, "layer3 grey_fox_concept4-layer2 grey_fox_concept4": 0.40625, "layer3 grey_fox_concept6-layer2 grey_fox_concept4": 0.6499999999999999, "layer3 grey_fox_concept1-layer2 grey_fox_concept4": 0.3363636363636363, "layer3 grey_fox_concept3-layer2 grey_fox_concept4": 0.4391304347826087, "layer3 grey_fox_concept2-layer2 grey_fox_concept4": 0.3269230769230769, "layer3 grey_fox_concept5-layer2 grey_fox_concept1": 0.4590909090909091, "layer3 grey_fox_concept4-layer2 grey_fox_concept1": 0.475, "layer3 grey_fox_concept6-layer2 grey_fox_concept1": 0.5545454545454545, "layer3 grey_fox_concept1-layer2 grey_fox_concept1": 0.3954545454545454, "layer3 grey_fox_concept3-layer2 grey_fox_concept1": 0.49782608695652175, "layer3 grey_fox_concept2-layer2 grey_fox_concept1": 0.35000000000000003, "layer3 grey_fox_concept5-layer2 grey_fox_concept7": 0.41818181818181815, "layer3 grey_fox_concept4-layer2 grey_fox_concept7": 0.49375, "layer3 grey_fox_concept6-layer2 grey_fox_concept7": 0.459090909090909, "layer3 grey_fox_concept1-layer2 grey_fox_concept7": 0.4727272727272728, "layer3 grey_fox_concept3-layer2 grey_fox_concept7": 0.508695652173913, "layer3 grey_fox_concept2-layer2 grey_fox_concept7": 0.39230769230769236, "layer3 grey_fox_concept5-layer2 grey_fox_concept6": 0.609090909090909, "layer3 grey_fox_concept4-layer2 grey_fox_concept6": 0.58125, "layer3 grey_fox_concept6-layer2 grey_fox_concept6": 0.5363636363636363, "layer3 grey_fox_concept1-layer2 grey_fox_concept6": 0.5636363636363637,