{"edge_weights": {"layer1": {"layer2 golfcart_concept4-layer1 golfcart_concept1": 0.4779999999999999, "layer2 golfcart_concept8-layer1 golfcart_concept1": 0.4462962962962963, "layer2 golfcart_concept5-layer1 golfcart_concept1": 0.4448717948717949, "layer2 golfcart_concept6-layer1 golfcart_concept1": 0.45999999999999996, "layer2 golfcart_concept1-layer1 golfcart_concept1": 0.38125, "layer2 golfcart_concept3-layer1 golfcart_concept1": 0.4575757575757575, "layer2 golfcart_concept9-layer1 golfcart_concept1": 0.40681818181818186, "layer2 golfcart_concept2-layer1 golfcart_concept1": 0.4473684210526315, "layer2 golfcart_concept7-layer1 golfcart_concept1": 0.36944444444444446, "layer2 golfcart_concept4-layer1 golfcart_concept6": 0.438, "layer2 golfcart_concept8-layer1 golfcart_concept6": 0.4185185185185185, "layer2 golfcart_concept5-layer1 golfcart_concept6": 0.514102564102564, "layer2 golfcart_concept6-layer1 golfcart_concept6": 0.4800000000000001, "layer2 golfcart_concept1-layer1 golfcart_concept6": 0.35416666666666663, "layer2 golfcart_concept3-layer1 golfcart_concept6": 0.3878787878787878, "layer2 golfcart_concept9-layer1 golfcart_concept6": 0.3681818181818181, "layer2 golfcart_concept2-layer1 golfcart_concept6": 0.4342105263157894, "layer2 golfcart_concept7-layer1 golfcart_concept6": 0.4, "layer2 golfcart_concept4-layer1 golfcart_concept11": 0.44400000000000006, "layer2 golfcart_concept8-layer1 golfcart_concept11": 0.45925925925925926, "layer2 golfcart_concept5-layer1 golfcart_concept11": 0.4705128205128205, "layer2 golfcart_concept6-layer1 golfcart_concept11": 0.6399999999999999, "layer2 golfcart_concept1-layer1 golfcart_concept11": 0.32708333333333334, "layer2 golfcart_concept3-layer1 golfcart_concept11": 0.4045454545454545, "layer2 golfcart_concept9-layer1 golfcart_concept11": 0.40681818181818186, "layer2 golfcart_concept2-layer1 golfcart_concept11": 0.3763157894736842, "layer2 golfcart_concept7-layer1 golfcart_concept11": 0.32222222222222213, "layer2 golfcart_concept4-layer1 golfcart_concept12": 0.48599999999999993, "layer2 golfcart_concept8-layer1 golfcart_concept12": 0.42777777777777776, "layer2 golfcart_concept5-layer1 golfcart_concept12": 0.46794871794871795, "layer2 golfcart_concept6-layer1 golfcart_concept12": 0.5033333333333333, "layer2 golfcart_concept1-layer1 golfcart_concept12": 0.36875, "layer2 golfcart_concept3-layer1 golfcart_concept12": 0.356060606060606, "layer2 golfcart_concept9-layer1 golfcart_concept12": 0.4545454545454546, "layer2 golfcart_concept2-layer1 golfcart_concept12": 0.46842105263157896, "layer2 golfcart_concept7-layer1 golfcart_concept12": 0.34444444444444444, "layer2 golfcart_concept4-layer1 golfcart_concept3": 0.47800000000000004, "layer2 golfcart_concept8-layer1 golfcart_concept3": 0.4666666666666666, "layer2 golfcart_concept5-layer1 golfcart_concept3": 0.5435897435897437, "layer2 golfcart_concept6-layer1 golfcart_concept3": 0.44000000000000006, "layer2 golfcart_concept1-layer1 golfcart_concept3": 0.36666666666666664, "layer2 golfcart_concept3-layer1 golfcart_concept3": 0.409090909090909, "layer2 golfcart_concept9-layer1 golfcart_concept3": 0.41590909090909084, "layer2 golfcart_concept2-layer1 golfcart_concept3": 0.4894736842105263, "layer2 golfcart_concept7-layer1 golfcart_concept3": 0.3722222222222222, "layer2 golfcart_concept4-layer1 golfcart_concept5": 0.41400000000000003, "layer2 golfcart_concept8-layer1 golfcart_concept5": 0.4833333333333333, "layer2 golfcart_concept5-layer1 golfcart_concept5": 0.5435897435897437, "layer2 golfcart_concept6-layer1 golfcart_concept5": 0.5966666666666665, "layer2 golfcart_concept1-layer1 golfcart_concept5": 0.36874999999999997, "layer2 golfcart_concept3-layer1 golfcart_concept5": 0.3757575757575757, "layer2 golfcart_concept9-layer1 golfcart_concept5": 0.39772727272727276, "layer2 golfcart_concept2-layer1 golfcart_concept5": 0.4184210526315789, "layer2 golfcart_concept7-layer1 golfcart_concept5": 0.4, "layer2 golfcart_concept4-layer1 golfcart_concept2": 0.44000000000000006, "layer2 golfcart_concept8-layer1 golfcart_concept2": 0.47037037037037044, "layer2 golfcart_concept5-layer1 golfcart_concept2": 0.5064102564102564, "layer2 golfcart_concept6-layer1 golfcart_concept2": 0.49333333333333335, "layer2 golfcart_concept1-layer1 golfcart_concept2": 0.3875, "layer2 golfcart_concept3-layer1 golfcart_concept2": 0.40303030303030296, "layer2 golfcart_concept9-layer1 golfcart_concept2": 0.3909090909090909, "layer2 golfcart_concept2-layer1 golfcart_concept2": 0.41578947368421054, "layer2 golfcart_concept7-layer1 golfcart_concept2": 0.37777777777777777, "layer2 golfcart_concept4-layer1 golfcart_concept10": 0.4680000000000001, "layer2 golfcart_concept8-layer1 golfcart_concept10": 0.4203703703703704, "layer2 golfcart_concept5-layer1 golfcart_concept10": 0.4884615384615384, "layer2 golfcart_concept6-layer1 golfcart_concept10": 0.4533333333333333, "layer2 golfcart_concept1-layer1 golfcart_concept10": 0.4354166666666667, "layer2 golfcart_concept3-layer1 golfcart_concept10": 0.3893939393939393, "layer2 golfcart_concept9-layer1 golfcart_concept10": 0.4136363636363636, "layer2 golfcart_concept2-layer1 golfcart_concept10": 0.47894736842105246, "layer2 golfcart_concept7-layer1 golfcart_concept10": 0.3611111111111111, "layer2 golfcart_concept4-layer1 golfcart_concept7": 0.48600000000000004, "layer2 golfcart_concept8-layer1 golfcart_concept7": 0.40555555555555556, "layer2 golfcart_concept5-layer1 golfcart_concept7": 0.46794871794871795, "layer2 golfcart_concept6-layer1 golfcart_concept7": 0.5, "layer2 golfcart_concept1-layer1 golfcart_concept7": 0.36666666666666664, "layer2 golfcart_concept3-layer1 golfcart_concept7": 0.4227272727272727, "layer2 golfcart_concept9-layer1 golfcart_concept7": 0.4613636363636363, "layer2 golfcart_concept2-layer1 golfcart_concept7": 0.5526315789473684, "layer2 golfcart_concept7-layer1 golfcart_concept7": 0.31388888888888883, "layer2 golfcart_concept4-layer1 golfcart_concept8": 0.4919999999999999, "layer2 golfcart_concept8-layer1 golfcart_concept8": 0.42407407407407405, "layer2 golfcart_concept5-layer1 golfcart_concept8": 0.5102564102564102, "layer2 golfcart_concept6-layer1 golfcart_concept8": 0.49333333333333335, "layer2 golfcart_concept1-layer1 golfcart_concept8": 0.3375, "layer2 golfcart_concept3-layer1 golfcart_concept8": 0.3727272727272727, "layer2 golfcart_concept9-layer1 golfcart_concept8": 0.40681818181818186, "layer2 golfcart_concept2-layer1 golfcart_concept8": 0.3999999999999999, "layer2 golfcart_concept7-layer1 golfcart_concept8": 0.3416666666666666, "layer2 golfcart_concept4-layer1 golfcart_concept9": 0.44399999999999995, "layer2 golfcart_concept8-layer1 golfcart_concept9": 0.437037037037037, "layer2 golfcart_concept5-layer1 golfcart_concept9": 0.49615384615384606, "layer2 golfcart_concept6-layer1 golfcart_concept9": 0.5533333333333332, "layer2 golfcart_concept1-layer1 golfcart_concept9": 0.32708333333333334, "layer2 golfcart_concept3-layer1 golfcart_concept9": 0.36060606060606054, "layer2 golfcart_concept9-layer1 golfcart_concept9": 0.3795454545454545, "layer2 golfcart_concept2-layer1 golfcart_concept9": 0.4289473684210526, "layer2 golfcart_concept7-layer1 golfcart_concept9": 0.3777777777777778, "layer2 golfcart_concept4-layer1 golfcart_concept13": 0.506, "layer2 golfcart_concept8-layer1 golfcart_concept13": 0.40555555555555556, "layer2 golfcart_concept5-layer1 golfcart_concept13": 0.458974358974359, "layer2 golfcart_concept6-layer1 golfcart_concept13": 0.4033333333333333, "layer2 golfcart_concept1-layer1 golfcart_concept13": 0.3958333333333333, "layer2 golfcart_concept3-layer1 golfcart_concept13": 0.4424242424242424, "layer2 golfcart_concept9-layer1 golfcart_concept13": 0.5181818181818181, "layer2 golfcart_concept2-layer1 golfcart_concept13": 0.5263157894736842, "layer2 golfcart_concept7-layer1 golfcart_concept13": 0.3083333333333333, "layer2 golfcart_concept4-layer1 golfcart_concept4": 0.546, "layer2 golfcart_concept8-layer1 golfcart_concept4": 0.5092592592592593,