{"edge_weights": {"2": {"5 golfcart_concept3-2 golfcart_concept5": 0.4416666666666666, "5 golfcart_concept7-2 golfcart_concept5": 0.42368421052631583, "5 golfcart_concept5-2 golfcart_concept5": 0.509375, "5 golfcart_concept6-2 golfcart_concept5": 0.534375, "5 golfcart_concept4-2 golfcart_concept5": 0.5111111111111112, "5 golfcart_concept2-2 golfcart_concept5": 0.5586956521739131, "5 golfcart_concept8-2 golfcart_concept5": 0.4115384615384616, "5 golfcart_concept1-2 golfcart_concept5": 0.48, "5 golfcart_concept3-2 golfcart_concept4": 0.3861111111111111, "5 golfcart_concept7-2 golfcart_concept4": 0.41578947368421043, "5 golfcart_concept5-2 golfcart_concept4": 0.45625, "5 golfcart_concept6-2 golfcart_concept4": 0.478125, "5 golfcart_concept4-2 golfcart_concept4": 0.45925925925925926, "5 golfcart_concept2-2 golfcart_concept4": 0.48478260869565215, "5 golfcart_concept8-2 golfcart_concept4": 0.5192307692307692, "5 golfcart_concept1-2 golfcart_concept4": 0.44000000000000006, "5 golfcart_concept3-2 golfcart_concept3": 0.5000000000000001, "5 golfcart_concept7-2 golfcart_concept3": 0.5157894736842106, "5 golfcart_concept5-2 golfcart_concept3": 0.509375, "5 golfcart_concept6-2 golfcart_concept3": 0.45625, "5 golfcart_concept4-2 golfcart_concept3": 0.46851851851851845, "5 golfcart_concept2-2 golfcart_concept3": 0.5565217391304348, "5 golfcart_concept8-2 golfcart_concept3": 0.5115384615384615, "5 golfcart_concept1-2 golfcart_concept3": 0.53, "5 golfcart_concept3-2 golfcart_concept8": 0.44722222222222213, "5 golfcart_concept7-2 golfcart_concept8": 0.48157894736842105, "5 golfcart_concept5-2 golfcart_concept8": 0.425, "5 golfcart_concept6-2 golfcart_concept8": 0.40625, "5 golfcart_concept4-2 golfcart_concept8": 0.45, "5 golfcart_concept2-2 golfcart_concept8": 0.48695652173913045, "5 golfcart_concept8-2 golfcart_concept8": 0.48461538461538456, "5 golfcart_concept1-2 golfcart_concept8": 0.4766666666666667, "5 golfcart_concept3-2 golfcart_concept7": 0.5333333333333334, "5 golfcart_concept7-2 golfcart_concept7": 0.5447368421052632, "5 golfcart_concept5-2 golfcart_concept7": 0.409375, "5 golfcart_concept6-2 golfcart_concept7": 0.4, "5 golfcart_concept4-2 golfcart_concept7": 0.4148148148148148, "5 golfcart_concept2-2 golfcart_concept7": 0.4021739130434782, "5 golfcart_concept8-2 golfcart_concept7": 0.5653846153846154, "5 golfcart_concept1-2 golfcart_concept7": 0.4533333333333334, "5 golfcart_concept3-2 golfcart_concept1": 0.5166666666666666, "5 golfcart_concept7-2 golfcart_concept1": 0.49736842105263157, "5 golfcart_concept5-2 golfcart_concept1": 0.4765625, "5 golfcart_concept6-2 golfcart_concept1": 0.5125, "5 golfcart_concept4-2 golfcart_concept1": 0.4851851851851853, "5 golfcart_concept2-2 golfcart_concept1": 0.5391304347826088, "5 golfcart_concept8-2 golfcart_concept1": 0.49615384615384617, "5 golfcart_concept1-2 golfcart_concept1": 0.49333333333333335, "5 golfcart_concept3-2 golfcart_concept6": 0.4083333333333333, "5 golfcart_concept7-2 golfcart_concept6": 0.4605263157894736, "5 golfcart_concept5-2 golfcart_concept6": 0.4671875, "5 golfcart_concept6-2 golfcart_concept6": 0.48125, "5 golfcart_concept4-2 golfcart_concept6": 0.4648148148148147, "5 golfcart_concept2-2 golfcart_concept6": 0.5391304347826087, "5 golfcart_concept8-2 golfcart_concept6": 0.49230769230769234, "5 golfcart_concept1-2 golfcart_concept6": 0.53, "5 golfcart_concept3-2 golfcart_concept2": 0.4833333333333333, "5 golfcart_concept7-2 golfcart_concept2": 0.4973684210526315, "5 golfcart_concept5-2 golfcart_concept2": 0.41875, "5 golfcart_concept6-2 golfcart_concept2": 0.45, "5 golfcart_concept4-2 golfcart_concept2": 0.4351851851851851, "5 golfcart_concept2-2 golfcart_concept2": 0.4782608695652174, "5 golfcart_concept8-2 golfcart_concept2": 0.5153846153846153, "5 golfcart_concept1-2 golfcart_concept2": 0.45666666666666667, "5 golfcart_concept3-2 random_discovery": 0.5027777777777778, "5 golfcart_concept7-2 random_discovery": 0.5105263157894737, "5 golfcart_concept5-2 random_discovery": 0.521875, "5 golfcart_concept6-2 random_discovery": 0.528125, "5 golfcart_concept4-2 random_discovery": 0.49444444444444435, "5 golfcart_concept2-2 random_discovery": 0.5195652173913043, "5 golfcart_concept8-2 random_discovery": 0.5230769230769232, "5 golfcart_concept1-2 random_discovery": 0.48666666666666664}, "5": {"8 golfcart_concept4-5 golfcart_concept3": 0.5236842105263158, "8 golfcart_concept2-5 golfcart_concept3": 0.44750000000000006, "8 golfcart_concept1-5 golfcart_concept3": 0.4666666666666667, "8 golfcart_concept5-5 golfcart_concept3": 0.46944444444444444, "8 golfcart_concept6-5 golfcart_concept3": 0.5966666666666666, "8 golfcart_concept7-5 golfcart_concept3": 0.5884615384615384, "8 golfcart_concept3-5 golfcart_concept3": 0.4083333333333333, "8 golfcart_concept4-5 golfcart_concept7": 0.5973684210526315, "8 golfcart_concept2-5 golfcart_concept7": 0.42000000000000004, "8 golfcart_concept1-5 golfcart_concept7": 0.4583333333333333, "8 golfcart_concept5-5 golfcart_concept7": 0.4416666666666667, "8 golfcart_concept6-5 golfcart_concept7": 0.47000000000000003, "8 golfcart_concept7-5 golfcart_concept7": 0.5461538461538462, "8 golfcart_concept3-5 golfcart_concept7": 0.4666666666666667, "8 golfcart_concept4-5 golfcart_concept5": 0.6052631578947368, "8 golfcart_concept2-5 golfcart_concept5": 0.61, "8 golfcart_concept1-5 golfcart_concept5": 0.5625, "8 golfcart_concept5-5 golfcart_concept5": 0.5888888888888889, "8 golfcart_concept6-5 golfcart_concept5": 0.51, "8 golfcart_concept7-5 golfcart_concept5": 0.5115384615384614, "8 golfcart_concept3-5 golfcart_concept5": 0.5833333333333333, "8 golfcart_concept4-5 golfcart_concept6": 0.6131578947368422, "8 golfcart_concept2-5 golfcart_concept6": 0.515, "8 golfcart_concept1-5 golfcart_concept6": 0.45833333333333337, "8 golfcart_concept5-5 golfcart_concept6": 0.525, "8 golfcart_concept6-5 golfcart_concept6": 0.4533333333333333, "8 golfcart_concept7-5 golfcart_concept6": 0.49230769230769234, "8 golfcart_concept3-5 golfcart_concept6": 0.5125, "8 golfcart_concept4-5 golfcart_concept4": 0.5763157894736841, "8 golfcart_concept2-5 golfcart_concept4": 0.4725, "8 golfcart_concept1-5 golfcart_concept4": 0.5041666666666667, "8 golfcart_concept5-5 golfcart_concept4": 0.5333333333333333, "8 golfcart_concept6-5 golfcart_concept4": 0.4866666666666667, "8 golfcart_concept7-5 golfcart_concept4": 0.5384615384615384, "8 golfcart_concept3-5 golfcart_concept4": 0.5458333333333334, "8 golfcart_concept4-5 golfcart_concept2": 0.6842105263157894, "8 golfcart_concept2-5 golfcart_concept2": 0.5525, "8 golfcart_concept1-5 golfcart_concept2": 0.5375, "8 golfcart_concept5-5 golfcart_concept2": 0.5444444444444444, "8 golfcart_concept6-5 golfcart_concept2": 0.4366666666666667, "8 golfcart_concept7-5 golfcart_concept2": 0.5615384615384615, "8 golfcart_concept3-5 golfcart_concept2": 0.5541666666666667, "8 golfcart_concept4-5 golfcart_concept8": 0.6026315789473685, "8 golfcart_concept2-5 golfcart_concept8": 0.495, "8 golfcart_concept1-5 golfcart_concept8": 0.5333333333333333, "8 golfcart_concept5-5 golfcart_concept8": 0.5583333333333333, "8 golfcart_concept6-5 golfcart_concept8": 0.5666666666666667, "8 golfcart_concept7-5 golfcart_concept8": 0.6115384615384616, "8 golfcart_concept3-5 golfcart_concept8": 0.5208333333333333, "8 golfcart_concept4-5 golfcart_concept1": 0.5236842105263158, "8 golfcart_concept2-5 golfcart_concept1": 0.39249999999999996, "8 golfcart_concept1-5 golfcart_concept1": 0.4166666666666667, "8 golfcart_concept5-5 golfcart_concept1": 0.5222222222222224, "8 golfcart_concept6-5 golfcart_concept1": 0.36, "8 golfcart_concept7-5 golfcart_concept1": 0.3846153846153847, "8 golfcart_concept3-5 golfcart_concept1": 0.4499999999999999, "8 golfcart_concept4-5 random_discovery": 0.5105263157894737, "8 golfcart_concept2-5 random_discovery": 0.5825, "8 golfcart_concept1-5 random_discovery": 0.4416666666666667, "8 golfcart_concept5-5 random_discovery": 0.5, "8 golfcart_concept6-5 random_discovery": 0.5133333333333333,