{"edge_weights": {"8": {"15 tennis_ball_concept4-8 tennis_ball_concept6": 0.47857142857142854, "15 tennis_ball_concept7-8 tennis_ball_concept6": 0.412962962962963, "15 tennis_ball_concept9-8 tennis_ball_concept6": 0.3320000000000001, "15 tennis_ball_concept6-8 tennis_ball_concept6": 0.3735294117647059, "15 tennis_ball_concept8-8 tennis_ball_concept6": 0.2653846153846154, "15 tennis_ball_concept1-8 tennis_ball_concept6": 0.33793103448275863, "15 tennis_ball_concept3-8 tennis_ball_concept6": 0.3538461538461538, "15 tennis_ball_concept5-8 tennis_ball_concept6": 0.2982142857142857, "15 tennis_ball_concept2-8 tennis_ball_concept6": 0.5, "15 tennis_ball_concept4-8 tennis_ball_concept4": 0.417857142857143, "15 tennis_ball_concept7-8 tennis_ball_concept4": 0.3925925925925926, "15 tennis_ball_concept9-8 tennis_ball_concept4": 0.398, "15 tennis_ball_concept6-8 tennis_ball_concept4": 0.5470588235294117, "15 tennis_ball_concept8-8 tennis_ball_concept4": 0.25961538461538464, "15 tennis_ball_concept1-8 tennis_ball_concept4": 0.2775862068965517, "15 tennis_ball_concept3-8 tennis_ball_concept4": 0.3346153846153846, "15 tennis_ball_concept5-8 tennis_ball_concept4": 0.29285714285714287, "15 tennis_ball_concept2-8 tennis_ball_concept4": 0.33461538461538465, "15 tennis_ball_concept4-8 tennis_ball_concept5": 0.34642857142857136, "15 tennis_ball_concept7-8 tennis_ball_concept5": 0.41666666666666663, "15 tennis_ball_concept9-8 tennis_ball_concept5": 0.38000000000000006, "15 tennis_ball_concept6-8 tennis_ball_concept5": 0.4911764705882352, "15 tennis_ball_concept8-8 tennis_ball_concept5": 0.25576923076923075, "15 tennis_ball_concept1-8 tennis_ball_concept5": 0.30000000000000004, "15 tennis_ball_concept3-8 tennis_ball_concept5": 0.3673076923076924, "15 tennis_ball_concept5-8 tennis_ball_concept5": 0.35, "15 tennis_ball_concept2-8 tennis_ball_concept5": 0.326923076923077, "15 tennis_ball_concept4-8 tennis_ball_concept7": 0.34285714285714286, "15 tennis_ball_concept7-8 tennis_ball_concept7": 0.34444444444444433, "15 tennis_ball_concept9-8 tennis_ball_concept7": 0.2960000000000001, "15 tennis_ball_concept6-8 tennis_ball_concept7": 0.4235294117647059, "15 tennis_ball_concept8-8 tennis_ball_concept7": 0.1403846153846154, "15 tennis_ball_concept1-8 tennis_ball_concept7": 0.22758620689655173, "15 tennis_ball_concept3-8 tennis_ball_concept7": 0.275, "15 tennis_ball_concept5-8 tennis_ball_concept7": 0.23928571428571432, "15 tennis_ball_concept2-8 tennis_ball_concept7": 0.2692307692307693, "15 tennis_ball_concept4-8 tennis_ball_concept1": 0.37857142857142856, "15 tennis_ball_concept7-8 tennis_ball_concept1": 0.39814814814814803, "15 tennis_ball_concept9-8 tennis_ball_concept1": 0.3960000000000001, "15 tennis_ball_concept6-8 tennis_ball_concept1": 0.4382352941176471, "15 tennis_ball_concept8-8 tennis_ball_concept1": 0.20769230769230768, "15 tennis_ball_concept1-8 tennis_ball_concept1": 0.2482758620689655, "15 tennis_ball_concept3-8 tennis_ball_concept1": 0.30961538461538474, "15 tennis_ball_concept5-8 tennis_ball_concept1": 0.3142857142857142, "15 tennis_ball_concept2-8 tennis_ball_concept1": 0.33461538461538465, "15 tennis_ball_concept4-8 tennis_ball_concept3": 0.48571428571428565, "15 tennis_ball_concept7-8 tennis_ball_concept3": 0.4203703703703704, "15 tennis_ball_concept9-8 tennis_ball_concept3": 0.458, "15 tennis_ball_concept6-8 tennis_ball_concept3": 0.5441176470588235, "15 tennis_ball_concept8-8 tennis_ball_concept3": 0.2826923076923077, "15 tennis_ball_concept1-8 tennis_ball_concept3": 0.2827586206896552, "15 tennis_ball_concept3-8 tennis_ball_concept3": 0.3711538461538462, "15 tennis_ball_concept5-8 tennis_ball_concept3": 0.33392857142857146, "15 tennis_ball_concept2-8 tennis_ball_concept3": 0.39230769230769236, "15 tennis_ball_concept4-8 tennis_ball_concept2": 0.45, "15 tennis_ball_concept7-8 tennis_ball_concept2": 0.6148148148148149, "15 tennis_ball_concept9-8 tennis_ball_concept2": 0.5660000000000001, "15 tennis_ball_concept6-8 tennis_ball_concept2": 0.4794117647058823, "15 tennis_ball_concept8-8 tennis_ball_concept2": 0.4903846153846153, "15 tennis_ball_concept1-8 tennis_ball_concept2": 0.5120689655172415, "15 tennis_ball_concept3-8 tennis_ball_concept2": 0.5519230769230768, "15 tennis_ball_concept5-8 tennis_ball_concept2": 0.5482142857142857, "15 tennis_ball_concept2-8 tennis_ball_concept2": 0.6576923076923078, "15 tennis_ball_concept4-8 random_discovery": 0.46785714285714286, "15 tennis_ball_concept7-8 random_discovery": 0.4370370370370371, "15 tennis_ball_concept9-8 random_discovery": 0.458, "15 tennis_ball_concept6-8 random_discovery": 0.4470588235294118, "15 tennis_ball_concept8-8 random_discovery": 0.4480769230769231, "15 tennis_ball_concept1-8 random_discovery": 0.446551724137931, "15 tennis_ball_concept3-8 random_discovery": 0.46153846153846156, "15 tennis_ball_concept5-8 random_discovery": 0.45357142857142857, "15 tennis_ball_concept2-8 random_discovery": 0.4846153846153845}, "15": {"22 tennis_ball_concept2-15 tennis_ball_concept4": 0.2, "22 tennis_ball_concept4-15 tennis_ball_concept4": 0.21190476190476187, "22 tennis_ball_concept1-15 tennis_ball_concept4": 0.19583333333333333, "22 tennis_ball_concept5-15 tennis_ball_concept4": 0.13461538461538464, "22 tennis_ball_concept3-15 tennis_ball_concept4": 0.225, "22 tennis_ball_concept2-15 tennis_ball_concept7": 0.26470588235294124, "22 tennis_ball_concept4-15 tennis_ball_concept7": 0.2095238095238095, "22 tennis_ball_concept1-15 tennis_ball_concept7": 0.3416666666666667, "22 tennis_ball_concept5-15 tennis_ball_concept7": 0.2884615384615385, "22 tennis_ball_concept3-15 tennis_ball_concept7": 0.271875, "22 tennis_ball_concept2-15 tennis_ball_concept9": 0.27647058823529413, "22 tennis_ball_concept4-15 tennis_ball_concept9": 0.27380952380952384, "22 tennis_ball_concept1-15 tennis_ball_concept9": 0.19583333333333336, "22 tennis_ball_concept5-15 tennis_ball_concept9": 0.2730769230769231, "22 tennis_ball_concept3-15 tennis_ball_concept9": 0.246875, "22 tennis_ball_concept2-15 tennis_ball_concept6": 0.4235294117647059, "22 tennis_ball_concept4-15 tennis_ball_concept6": 0.2857142857142858, "22 tennis_ball_concept1-15 tennis_ball_concept6": 0.425, "22 tennis_ball_concept5-15 tennis_ball_concept6": 0.4461538461538462, "22 tennis_ball_concept3-15 tennis_ball_concept6": 0.40625, "22 tennis_ball_concept2-15 tennis_ball_concept8": 0.18823529411764703, "22 tennis_ball_concept4-15 tennis_ball_concept8": 0.1738095238095238, "22 tennis_ball_concept1-15 tennis_ball_concept8": 0.25833333333333336, "22 tennis_ball_concept5-15 tennis_ball_concept8": 0.10384615384615385, "22 tennis_ball_concept3-15 tennis_ball_concept8": 0.140625, "22 tennis_ball_concept2-15 tennis_ball_concept1": 0.23529411764705882, "22 tennis_ball_concept4-15 tennis_ball_concept1": 0.1523809523809524, "22 tennis_ball_concept1-15 tennis_ball_concept1": 0.15416666666666667, "22 tennis_ball_concept5-15 tennis_ball_concept1": 0.16923076923076924, "22 tennis_ball_concept3-15 tennis_ball_concept1": 0.178125, "22 tennis_ball_concept2-15 tennis_ball_concept3": 0.39117647058823535, "22 tennis_ball_concept4-15 tennis_ball_concept3": 0.23809523809523808, "22 tennis_ball_concept1-15 tennis_ball_concept3": 0.37916666666666665, "22 tennis_ball_concept5-15 tennis_ball_concept3": 0.33461538461538465, "22 tennis_ball_concept3-15 tennis_ball_concept3": 0.275, "22 tennis_ball_concept2-15 tennis_ball_concept5": 0.4647058823529412, "22 tennis_ball_concept4-15 tennis_ball_concept5": 0.34523809523809523, "22 tennis_ball_concept1-15 tennis_ball_concept5": 0.37500000000000006, "22 tennis_ball_concept5-15 tennis_ball_concept5": 0.35, "22 tennis_ball_concept3-15 tennis_ball_concept5": 0.49375, "22 tennis_ball_concept2-15 tennis_ball_concept2": 0.45588235294117646, "22 tennis_ball_concept4-15 tennis_ball_concept2": 0.37142857142857155, "22 tennis_ball_concept1-15 tennis_ball_concept2": 0.32083333333333336, "22 tennis_ball_concept5-15 tennis_ball_concept2": 0.3615384615384616,