{"edge_weights": {"1": {"3 grey_fox_concept3-1 grey_fox_concept1": 0.502, "3 grey_fox_concept8-1 grey_fox_concept1": 0.4642857142857143, "3 grey_fox_concept1-1 grey_fox_concept1": 0.5100000000000001, "3 grey_fox_concept4-1 grey_fox_concept1": 0.4763157894736841, "3 grey_fox_concept5-1 grey_fox_concept1": 0.5535714285714286, "3 grey_fox_concept2-1 grey_fox_concept1": 0.45833333333333337, "3 grey_fox_concept7-1 grey_fox_concept1": 0.525, "3 grey_fox_concept6-1 grey_fox_concept1": 0.43125, "3 grey_fox_concept3-1 grey_fox_concept4": 0.52, "3 grey_fox_concept8-1 grey_fox_concept4": 0.4428571428571429, "3 grey_fox_concept1-1 grey_fox_concept4": 0.51, "3 grey_fox_concept4-1 grey_fox_concept4": 0.4999999999999999, "3 grey_fox_concept5-1 grey_fox_concept4": 0.5178571428571428, "3 grey_fox_concept2-1 grey_fox_concept4": 0.4722222222222222, "3 grey_fox_concept7-1 grey_fox_concept4": 0.509375, "3 grey_fox_concept6-1 grey_fox_concept4": 0.459375, "3 grey_fox_concept3-1 grey_fox_concept2": 0.502, "3 grey_fox_concept8-1 grey_fox_concept2": 0.4928571428571429, "3 grey_fox_concept1-1 grey_fox_concept2": 0.5149999999999999, "3 grey_fox_concept4-1 grey_fox_concept2": 0.46578947368421036, "3 grey_fox_concept5-1 grey_fox_concept2": 0.5678571428571428, "3 grey_fox_concept2-1 grey_fox_concept2": 0.49444444444444446, "3 grey_fox_concept7-1 grey_fox_concept2": 0.50625, "3 grey_fox_concept6-1 grey_fox_concept2": 0.5125, "3 grey_fox_concept3-1 grey_fox_concept5": 0.5199999999999999, "3 grey_fox_concept8-1 grey_fox_concept5": 0.5285714285714286, "3 grey_fox_concept1-1 grey_fox_concept5": 0.4974999999999999, "3 grey_fox_concept4-1 grey_fox_concept5": 0.5157894736842106, "3 grey_fox_concept5-1 grey_fox_concept5": 0.5535714285714285, "3 grey_fox_concept2-1 grey_fox_concept5": 0.5333333333333334, "3 grey_fox_concept7-1 grey_fox_concept5": 0.515625, "3 grey_fox_concept6-1 grey_fox_concept5": 0.509375, "3 grey_fox_concept3-1 grey_fox_concept3": 0.526, "3 grey_fox_concept8-1 grey_fox_concept3": 0.5214285714285714, "3 grey_fox_concept1-1 grey_fox_concept3": 0.5525, "3 grey_fox_concept4-1 grey_fox_concept3": 0.5078947368421052, "3 grey_fox_concept5-1 grey_fox_concept3": 0.4892857142857143, "3 grey_fox_concept2-1 grey_fox_concept3": 0.48611111111111105, "3 grey_fox_concept7-1 grey_fox_concept3": 0.6125, "3 grey_fox_concept6-1 grey_fox_concept3": 0.496875, "3 grey_fox_concept3-1 grey_fox_concept8": 0.53, "3 grey_fox_concept8-1 grey_fox_concept8": 0.5107142857142858, "3 grey_fox_concept1-1 grey_fox_concept8": 0.5325, "3 grey_fox_concept4-1 grey_fox_concept8": 0.5052631578947369, "3 grey_fox_concept5-1 grey_fox_concept8": 0.49642857142857144, "3 grey_fox_concept2-1 grey_fox_concept8": 0.525, "3 grey_fox_concept7-1 grey_fox_concept8": 0.578125, "3 grey_fox_concept6-1 grey_fox_concept8": 0.484375, "3 grey_fox_concept3-1 grey_fox_concept7": 0.542, "3 grey_fox_concept8-1 grey_fox_concept7": 0.5035714285714286, "3 grey_fox_concept1-1 grey_fox_concept7": 0.48500000000000004, "3 grey_fox_concept4-1 grey_fox_concept7": 0.4499999999999999, "3 grey_fox_concept5-1 grey_fox_concept7": 0.5785714285714285, "3 grey_fox_concept2-1 grey_fox_concept7": 0.47777777777777775, "3 grey_fox_concept7-1 grey_fox_concept7": 0.521875, "3 grey_fox_concept6-1 grey_fox_concept7": 0.490625, "3 grey_fox_concept3-1 grey_fox_concept6": 0.524, "3 grey_fox_concept8-1 grey_fox_concept6": 0.47857142857142854, "3 grey_fox_concept1-1 grey_fox_concept6": 0.48249999999999993, "3 grey_fox_concept4-1 grey_fox_concept6": 0.46315789473684205, "3 grey_fox_concept5-1 grey_fox_concept6": 0.49285714285714277, "3 grey_fox_concept2-1 grey_fox_concept6": 0.4833333333333333, "3 grey_fox_concept7-1 grey_fox_concept6": 0.56875, "3 grey_fox_concept6-1 grey_fox_concept6": 0.465625, "3 grey_fox_concept3-1 random_discovery": 0.47000000000000003, "3 grey_fox_concept8-1 random_discovery": 0.49642857142857144, "3 grey_fox_concept1-1 random_discovery": 0.4499999999999999, "3 grey_fox_concept4-1 random_discovery": 0.5105263157894737, "3 grey_fox_concept5-1 random_discovery": 0.5428571428571428, "3 grey_fox_concept2-1 random_discovery": 0.5166666666666666, "3 grey_fox_concept7-1 random_discovery": 0.51875, "3 grey_fox_concept6-1 random_discovery": 0.525}, "3": {"9 grey_fox_concept1-3 grey_fox_concept3": 0.4200000000000001, "9 grey_fox_concept5-3 grey_fox_concept3": 0.3681818181818181, "9 grey_fox_concept3-3 grey_fox_concept3": 0.29285714285714287, "9 grey_fox_concept4-3 grey_fox_concept3": 0.35333333333333333, "9 grey_fox_concept2-3 grey_fox_concept3": 0.3734375, "9 grey_fox_concept1-3 grey_fox_concept8": 0.4333333333333334, "9 grey_fox_concept5-3 grey_fox_concept8": 0.4954545454545454, "9 grey_fox_concept3-3 grey_fox_concept8": 0.3714285714285714, "9 grey_fox_concept4-3 grey_fox_concept8": 0.40666666666666673, "9 grey_fox_concept2-3 grey_fox_concept8": 0.359375, "9 grey_fox_concept1-3 grey_fox_concept1": 0.45666666666666667, "9 grey_fox_concept5-3 grey_fox_concept1": 0.509090909090909, "9 grey_fox_concept3-3 grey_fox_concept1": 0.46428571428571425, "9 grey_fox_concept4-3 grey_fox_concept1": 0.43000000000000005, "9 grey_fox_concept2-3 grey_fox_concept1": 0.3609375, "9 grey_fox_concept1-3 grey_fox_concept4": 0.4333333333333334, "9 grey_fox_concept5-3 grey_fox_concept4": 0.4909090909090909, "9 grey_fox_concept3-3 grey_fox_concept4": 0.4035714285714286, "9 grey_fox_concept4-3 grey_fox_concept4": 0.39, "9 grey_fox_concept2-3 grey_fox_concept4": 0.3375, "9 grey_fox_concept1-3 grey_fox_concept5": 0.4933333333333333, "9 grey_fox_concept5-3 grey_fox_concept5": 0.48636363636363633, "9 grey_fox_concept3-3 grey_fox_concept5": 0.3642857142857142, "9 grey_fox_concept4-3 grey_fox_concept5": 0.4066666666666666, "9 grey_fox_concept2-3 grey_fox_concept5": 0.3796875, "9 grey_fox_concept1-3 grey_fox_concept2": 0.41000000000000003, "9 grey_fox_concept5-3 grey_fox_concept2": 0.3636363636363636, "9 grey_fox_concept3-3 grey_fox_concept2": 0.29285714285714287, "9 grey_fox_concept4-3 grey_fox_concept2": 0.31000000000000005, "9 grey_fox_concept2-3 grey_fox_concept2": 0.3921875, "9 grey_fox_concept1-3 grey_fox_concept7": 0.5266666666666666, "9 grey_fox_concept5-3 grey_fox_concept7": 0.4863636363636362, "9 grey_fox_concept3-3 grey_fox_concept7": 0.46071428571428574, "9 grey_fox_concept4-3 grey_fox_concept7": 0.4666666666666667, "9 grey_fox_concept2-3 grey_fox_concept7": 0.384375, "9 grey_fox_concept1-3 grey_fox_concept6": 0.4666666666666667, "9 grey_fox_concept5-3 grey_fox_concept6": 0.3954545454545454, "9 grey_fox_concept3-3 grey_fox_concept6": 0.375, "9 grey_fox_concept4-3 grey_fox_concept6": 0.42000000000000004, "9 grey_fox_concept2-3 grey_fox_concept6": 0.3796875, "9 grey_fox_concept1-3 random_discovery": 0.4966666666666667, "9 grey_fox_concept5-3 random_discovery": 0.43636363636363634, "9 grey_fox_concept3-3 random_discovery": 0.48571428571428577, "9 grey_fox_concept4-3 random_discovery": 0.55, "9 grey_fox_concept2-3 random_discovery": 0.484375}, "9": {"15 grey_fox_concept1-9 grey_fox_concept1": 0.57, "15 grey_fox_concept2-9 grey_fox_concept1": 0.48888888888888893, "15 grey_fox_concept4-9 grey_fox_concept1": 0.48500000000000004, "15 grey_fox_concept3-9 grey_fox_concept1": 0.58, "15 grey_fox_concept1-9 grey_fox_concept5": 0.47000000000000003, "15 grey_fox_concept2-9 grey_fox_concept5": 0.627777777777778, "15 grey_fox_concept4-9 grey_fox_concept5": 0.5, "15 grey_fox_concept3-9 grey_fox_concept5": 0.5999999999999999, "15 grey_fox_concept1-9 grey_fox_concept3": 0.5700000000000001, "15 grey_fox_concept2-9 grey_fox_concept3": 0.5833333333333333, "15 grey_fox_concept4-9 grey_fox_concept3": 0.5399999999999999, "15 grey_fox_concept3-9 grey_fox_concept3": 0.71, "15 grey_fox_concept1-9 grey_fox_concept4": 0.5549999999999999, "15 grey_fox_concept2-9 grey_fox_concept4": 0.5777777777777777, "15 grey_fox_concept4-9 grey_fox_concept4": 0.49000000000000005, "15 grey_fox_concept3-9 grey_fox_concept4": 0.7, "15 grey_fox_concept1-9 grey_fox_concept2": 0.585,