{"edge_weights": {"0": {"2 tennis_ball_concept2-0 tennis_ball_concept2": 0.4225, "2 tennis_ball_concept5-0 tennis_ball_concept2": 0.45666666666666667, "2 tennis_ball_concept6-0 tennis_ball_concept2": 0.5444444444444444, "2 tennis_ball_concept8-0 tennis_ball_concept2": 0.48125, "2 tennis_ball_concept3-0 tennis_ball_concept2": 0.5035714285714286, "2 tennis_ball_concept4-0 tennis_ball_concept2": 0.5315789473684209, "2 tennis_ball_concept7-0 tennis_ball_concept2": 0.475, "2 tennis_ball_concept9-0 tennis_ball_concept2": 0.475, "2 tennis_ball_concept1-0 tennis_ball_concept2": 0.5884615384615385, "2 tennis_ball_concept2-0 tennis_ball_concept7": 0.4375, "2 tennis_ball_concept5-0 tennis_ball_concept7": 0.48666666666666664, "2 tennis_ball_concept6-0 tennis_ball_concept7": 0.55, "2 tennis_ball_concept8-0 tennis_ball_concept7": 0.53125, "2 tennis_ball_concept3-0 tennis_ball_concept7": 0.5, "2 tennis_ball_concept4-0 tennis_ball_concept7": 0.5131578947368419, "2 tennis_ball_concept7-0 tennis_ball_concept7": 0.39375, "2 tennis_ball_concept9-0 tennis_ball_concept7": 0.49285714285714277, "2 tennis_ball_concept1-0 tennis_ball_concept7": 0.46153846153846156, "2 tennis_ball_concept2-0 tennis_ball_concept4": 0.42250000000000004, "2 tennis_ball_concept5-0 tennis_ball_concept4": 0.47000000000000003, "2 tennis_ball_concept6-0 tennis_ball_concept4": 0.46111111111111114, "2 tennis_ball_concept8-0 tennis_ball_concept4": 0.484375, "2 tennis_ball_concept3-0 tennis_ball_concept4": 0.3857142857142857, "2 tennis_ball_concept4-0 tennis_ball_concept4": 0.5184210526315789, "2 tennis_ball_concept7-0 tennis_ball_concept4": 0.415625, "2 tennis_ball_concept9-0 tennis_ball_concept4": 0.5357142857142857, "2 tennis_ball_concept1-0 tennis_ball_concept4": 0.5346153846153847, "2 tennis_ball_concept2-0 tennis_ball_concept8": 0.39500000000000013, "2 tennis_ball_concept5-0 tennis_ball_concept8": 0.4366666666666667, "2 tennis_ball_concept6-0 tennis_ball_concept8": 0.5083333333333333, "2 tennis_ball_concept8-0 tennis_ball_concept8": 0.459375, "2 tennis_ball_concept3-0 tennis_ball_concept8": 0.40714285714285714, "2 tennis_ball_concept4-0 tennis_ball_concept8": 0.46842105263157885, "2 tennis_ball_concept7-0 tennis_ball_concept8": 0.465625, "2 tennis_ball_concept9-0 tennis_ball_concept8": 0.4392857142857142, "2 tennis_ball_concept1-0 tennis_ball_concept8": 0.5653846153846154, "2 tennis_ball_concept2-0 tennis_ball_concept3": 0.39, "2 tennis_ball_concept5-0 tennis_ball_concept3": 0.42666666666666675, "2 tennis_ball_concept6-0 tennis_ball_concept3": 0.5083333333333332, "2 tennis_ball_concept8-0 tennis_ball_concept3": 0.434375, "2 tennis_ball_concept3-0 tennis_ball_concept3": 0.4535714285714286, "2 tennis_ball_concept4-0 tennis_ball_concept3": 0.536842105263158, "2 tennis_ball_concept7-0 tennis_ball_concept3": 0.48125, "2 tennis_ball_concept9-0 tennis_ball_concept3": 0.5, "2 tennis_ball_concept1-0 tennis_ball_concept3": 0.5923076923076922, "2 tennis_ball_concept2-0 tennis_ball_concept6": 0.42750000000000005, "2 tennis_ball_concept5-0 tennis_ball_concept6": 0.44333333333333336, "2 tennis_ball_concept6-0 tennis_ball_concept6": 0.4222222222222222, "2 tennis_ball_concept8-0 tennis_ball_concept6": 0.475, "2 tennis_ball_concept3-0 tennis_ball_concept6": 0.46071428571428574, "2 tennis_ball_concept4-0 tennis_ball_concept6": 0.5052631578947369, "2 tennis_ball_concept7-0 tennis_ball_concept6": 0.509375, "2 tennis_ball_concept9-0 tennis_ball_concept6": 0.39642857142857146, "2 tennis_ball_concept1-0 tennis_ball_concept6": 0.6346153846153845, "2 tennis_ball_concept2-0 tennis_ball_concept1": 0.4175000000000001, "2 tennis_ball_concept5-0 tennis_ball_concept1": 0.4733333333333333, "2 tennis_ball_concept6-0 tennis_ball_concept1": 0.49722222222222223, "2 tennis_ball_concept8-0 tennis_ball_concept1": 0.5375, "2 tennis_ball_concept3-0 tennis_ball_concept1": 0.4892857142857143, "2 tennis_ball_concept4-0 tennis_ball_concept1": 0.43947368421052635, "2 tennis_ball_concept7-0 tennis_ball_concept1": 0.5625, "2 tennis_ball_concept9-0 tennis_ball_concept1": 0.43571428571428567, "2 tennis_ball_concept1-0 tennis_ball_concept1": 0.5192307692307692, "2 tennis_ball_concept2-0 tennis_ball_concept5": 0.4050000000000001, "2 tennis_ball_concept5-0 tennis_ball_concept5": 0.5, "2 tennis_ball_concept6-0 tennis_ball_concept5": 0.48888888888888893, "2 tennis_ball_concept8-0 tennis_ball_concept5": 0.503125, "2 tennis_ball_concept3-0 tennis_ball_concept5": 0.425, "2 tennis_ball_concept4-0 tennis_ball_concept5": 0.5052631578947369, "2 tennis_ball_concept7-0 tennis_ball_concept5": 0.4875, "2 tennis_ball_concept9-0 tennis_ball_concept5": 0.39285714285714285, "2 tennis_ball_concept1-0 tennis_ball_concept5": 0.623076923076923, "2 tennis_ball_concept2-0 random_discovery": 0.485, "2 tennis_ball_concept5-0 random_discovery": 0.5533333333333333, "2 tennis_ball_concept6-0 random_discovery": 0.5999999999999999, "2 tennis_ball_concept8-0 random_discovery": 0.384375, "2 tennis_ball_concept3-0 random_discovery": 0.49642857142857133, "2 tennis_ball_concept4-0 random_discovery": 0.5394736842105263, "2 tennis_ball_concept7-0 random_discovery": 0.56875, "2 tennis_ball_concept9-0 random_discovery": 0.5178571428571428, "2 tennis_ball_concept1-0 random_discovery": 0.5038461538461539}, "2": {"4 tennis_ball_concept6-2 tennis_ball_concept2": 0.5454545454545454, "4 tennis_ball_concept2-2 tennis_ball_concept2": 0.5, "4 tennis_ball_concept3-2 tennis_ball_concept2": 0.6227272727272727, "4 tennis_ball_concept4-2 tennis_ball_concept2": 0.465, "4 tennis_ball_concept5-2 tennis_ball_concept2": 0.49090909090909085, "4 tennis_ball_concept1-2 tennis_ball_concept2": 0.31249999999999994, "4 tennis_ball_concept6-2 tennis_ball_concept5": 0.5, "4 tennis_ball_concept2-2 tennis_ball_concept5": 0.4966666666666667, "4 tennis_ball_concept3-2 tennis_ball_concept5": 0.5863636363636364, "4 tennis_ball_concept4-2 tennis_ball_concept5": 0.4175000000000001, "4 tennis_ball_concept5-2 tennis_ball_concept5": 0.459090909090909, "4 tennis_ball_concept1-2 tennis_ball_concept5": 0.39583333333333337, "4 tennis_ball_concept6-2 tennis_ball_concept6": 0.3545454545454545, "4 tennis_ball_concept2-2 tennis_ball_concept6": 0.39, "4 tennis_ball_concept3-2 tennis_ball_concept6": 0.5, "4 tennis_ball_concept4-2 tennis_ball_concept6": 0.41, "4 tennis_ball_concept5-2 tennis_ball_concept6": 0.4136363636363636, "4 tennis_ball_concept1-2 tennis_ball_concept6": 0.3208333333333333, "4 tennis_ball_concept6-2 tennis_ball_concept8": 0.46818181818181814, "4 tennis_ball_concept2-2 tennis_ball_concept8": 0.42000000000000004, "4 tennis_ball_concept3-2 tennis_ball_concept8": 0.5227272727272728, "4 tennis_ball_concept4-2 tennis_ball_concept8": 0.4149999999999999, "4 tennis_ball_concept5-2 tennis_ball_concept8": 0.5318181818181819, "4 tennis_ball_concept1-2 tennis_ball_concept8": 0.27083333333333337, "4 tennis_ball_concept6-2 tennis_ball_concept3": 0.46363636363636357, "4 tennis_ball_concept2-2 tennis_ball_concept3": 0.5, "4 tennis_ball_concept3-2 tennis_ball_concept3": 0.6181818181818183, "4 tennis_ball_concept4-2 tennis_ball_concept3": 0.4625, "4 tennis_ball_concept5-2 tennis_ball_concept3": 0.48636363636363633, "4 tennis_ball_concept1-2 tennis_ball_concept3": 0.4083333333333333, "4 tennis_ball_concept6-2 tennis_ball_concept4": 0.5227272727272727, "4 tennis_ball_concept2-2 tennis_ball_concept4": 0.5133333333333334, "4 tennis_ball_concept3-2 tennis_ball_concept4": 0.6727272727272727, "4 tennis_ball_concept4-2 tennis_ball_concept4": 0.4999999999999999, "4 tennis_ball_concept5-2 tennis_ball_concept4": 0.4954545454545454, "4 tennis_ball_concept1-2 tennis_ball_concept4": 0.4166666666666667, "4 tennis_ball_concept6-2 tennis_ball_concept7": 0.5227272727272726, "4 tennis_ball_concept2-2 tennis_ball_concept7": 0.5166666666666666, "4 tennis_ball_concept3-2 tennis_ball_concept7": 0.5954545454545455, "4 tennis_ball_concept4-2 tennis_ball_concept7": 0.5, "4 tennis_ball_concept5-2 tennis_ball_concept7": 0.5045454545454545,