{"edge_weights": {"0": {"2 golfcart_concept9-0 golfcart_concept1": 0.5533333333333333, "2 golfcart_concept3-0 golfcart_concept1": 0.42000000000000004, "2 golfcart_concept6-0 golfcart_concept1": 0.4875, "2 golfcart_concept5-0 golfcart_concept1": 0.5700000000000001, "2 golfcart_concept2-0 golfcart_concept1": 0.584782608695652, "2 golfcart_concept4-0 golfcart_concept1": 0.46749999999999997, "2 golfcart_concept7-0 golfcart_concept1": 0.5076923076923077, "2 golfcart_concept1-0 golfcart_concept1": 0.45199999999999985, "2 golfcart_concept8-0 golfcart_concept1": 0.46590909090909094, "2 golfcart_concept9-0 golfcart_concept7": 0.4666666666666666, "2 golfcart_concept3-0 golfcart_concept7": 0.5333333333333332, "2 golfcart_concept6-0 golfcart_concept7": 0.54375, "2 golfcart_concept5-0 golfcart_concept7": 0.4766666666666667, "2 golfcart_concept2-0 golfcart_concept7": 0.48695652173913045, "2 golfcart_concept4-0 golfcart_concept7": 0.52, "2 golfcart_concept7-0 golfcart_concept7": 0.5769230769230769, "2 golfcart_concept1-0 golfcart_concept7": 0.528, "2 golfcart_concept8-0 golfcart_concept7": 0.509090909090909, "2 golfcart_concept9-0 golfcart_concept2": 0.4933333333333333, "2 golfcart_concept3-0 golfcart_concept2": 0.5133333333333333, "2 golfcart_concept6-0 golfcart_concept2": 0.575, "2 golfcart_concept5-0 golfcart_concept2": 0.35000000000000003, "2 golfcart_concept2-0 golfcart_concept2": 0.5021739130434782, "2 golfcart_concept4-0 golfcart_concept2": 0.575, "2 golfcart_concept7-0 golfcart_concept2": 0.5307692307692308, "2 golfcart_concept1-0 golfcart_concept2": 0.5339999999999999, "2 golfcart_concept8-0 golfcart_concept2": 0.5477272727272726, "2 golfcart_concept9-0 golfcart_concept6": 0.4966666666666667, "2 golfcart_concept3-0 golfcart_concept6": 0.5166666666666666, "2 golfcart_concept6-0 golfcart_concept6": 0.5625, "2 golfcart_concept5-0 golfcart_concept6": 0.42000000000000004, "2 golfcart_concept2-0 golfcart_concept6": 0.46739130434782616, "2 golfcart_concept4-0 golfcart_concept6": 0.5425, "2 golfcart_concept7-0 golfcart_concept6": 0.36923076923076925, "2 golfcart_concept1-0 golfcart_concept6": 0.492, "2 golfcart_concept8-0 golfcart_concept6": 0.5363636363636364, "2 golfcart_concept9-0 golfcart_concept4": 0.5133333333333333, "2 golfcart_concept3-0 golfcart_concept4": 0.5, "2 golfcart_concept6-0 golfcart_concept4": 0.5625, "2 golfcart_concept5-0 golfcart_concept4": 0.3866666666666667, "2 golfcart_concept2-0 golfcart_concept4": 0.46304347826086956, "2 golfcart_concept4-0 golfcart_concept4": 0.6074999999999999, "2 golfcart_concept7-0 golfcart_concept4": 0.5653846153846154, "2 golfcart_concept1-0 golfcart_concept4": 0.526, "2 golfcart_concept8-0 golfcart_concept4": 0.5272727272727272, "2 golfcart_concept9-0 golfcart_concept8": 0.5366666666666665, "2 golfcart_concept3-0 golfcart_concept8": 0.43999999999999995, "2 golfcart_concept6-0 golfcart_concept8": 0.571875, "2 golfcart_concept5-0 golfcart_concept8": 0.5266666666666666, "2 golfcart_concept2-0 golfcart_concept8": 0.4608695652173914, "2 golfcart_concept4-0 golfcart_concept8": 0.5325, "2 golfcart_concept7-0 golfcart_concept8": 0.41923076923076924, "2 golfcart_concept1-0 golfcart_concept8": 0.47800000000000004, "2 golfcart_concept8-0 golfcart_concept8": 0.4522727272727273, "2 golfcart_concept9-0 golfcart_concept3": 0.42333333333333334, "2 golfcart_concept3-0 golfcart_concept3": 0.47666666666666674, "2 golfcart_concept6-0 golfcart_concept3": 0.53125, "2 golfcart_concept5-0 golfcart_concept3": 0.48999999999999994, "2 golfcart_concept2-0 golfcart_concept3": 0.41521739130434787, "2 golfcart_concept4-0 golfcart_concept3": 0.49499999999999994, "2 golfcart_concept7-0 golfcart_concept3": 0.45000000000000007, "2 golfcart_concept1-0 golfcart_concept3": 0.4400000000000001, "2 golfcart_concept8-0 golfcart_concept3": 0.5568181818181819, "2 golfcart_concept9-0 golfcart_concept10": 0.4633333333333334, "2 golfcart_concept3-0 golfcart_concept10": 0.48, "2 golfcart_concept6-0 golfcart_concept10": 0.540625, "2 golfcart_concept5-0 golfcart_concept10": 0.42000000000000004, "2 golfcart_concept2-0 golfcart_concept10": 0.432608695652174, "2 golfcart_concept4-0 golfcart_concept10": 0.5599999999999999, "2 golfcart_concept7-0 golfcart_concept10": 0.4230769230769232, "2 golfcart_concept1-0 golfcart_concept10": 0.484, "2 golfcart_concept8-0 golfcart_concept10": 0.49318181818181805, "2 golfcart_concept9-0 golfcart_concept9": 0.45, "2 golfcart_concept3-0 golfcart_concept9": 0.5033333333333334, "2 golfcart_concept6-0 golfcart_concept9": 0.521875, "2 golfcart_concept5-0 golfcart_concept9": 0.42333333333333345, "2 golfcart_concept2-0 golfcart_concept9": 0.43913043478260877, "2 golfcart_concept4-0 golfcart_concept9": 0.5275, "2 golfcart_concept7-0 golfcart_concept9": 0.39230769230769236, "2 golfcart_concept1-0 golfcart_concept9": 0.46799999999999997, "2 golfcart_concept8-0 golfcart_concept9": 0.5272727272727271, "2 golfcart_concept9-0 golfcart_concept5": 0.4699999999999999, "2 golfcart_concept3-0 golfcart_concept5": 0.54, "2 golfcart_concept6-0 golfcart_concept5": 0.453125, "2 golfcart_concept5-0 golfcart_concept5": 0.5366666666666665, "2 golfcart_concept2-0 golfcart_concept5": 0.5000000000000001, "2 golfcart_concept4-0 golfcart_concept5": 0.48250000000000004, "2 golfcart_concept7-0 golfcart_concept5": 0.473076923076923, "2 golfcart_concept1-0 golfcart_concept5": 0.506, "2 golfcart_concept8-0 golfcart_concept5": 0.46818181818181814, "2 golfcart_concept9-0 random_discovery": 0.5033333333333334, "2 golfcart_concept3-0 random_discovery": 0.55, "2 golfcart_concept6-0 random_discovery": 0.465625, "2 golfcart_concept5-0 random_discovery": 0.47000000000000003, "2 golfcart_concept2-0 random_discovery": 0.4804347826086956, "2 golfcart_concept4-0 random_discovery": 0.5499999999999999, "2 golfcart_concept7-0 random_discovery": 0.4538461538461539, "2 golfcart_concept1-0 random_discovery": 0.502, "2 golfcart_concept8-0 random_discovery": 0.540909090909091}, "2": {"4 golfcart_concept2-2 golfcart_concept9": 0.5642857142857143, "4 golfcart_concept3-2 golfcart_concept9": 0.48636363636363633, "4 golfcart_concept1-2 golfcart_concept9": 0.55, "4 golfcart_concept2-2 golfcart_concept3": 0.5392857142857141, "4 golfcart_concept3-2 golfcart_concept3": 0.4499999999999999, "4 golfcart_concept1-2 golfcart_concept3": 0.40769230769230774, "4 golfcart_concept2-2 golfcart_concept6": 0.49642857142857144, "4 golfcart_concept3-2 golfcart_concept6": 0.559090909090909, "4 golfcart_concept1-2 golfcart_concept6": 0.4769230769230769, "4 golfcart_concept2-2 golfcart_concept5": 0.575, "4 golfcart_concept3-2 golfcart_concept5": 0.5590909090909091, "4 golfcart_concept1-2 golfcart_concept5": 0.45000000000000007, "4 golfcart_concept2-2 golfcart_concept2": 0.55, "4 golfcart_concept3-2 golfcart_concept2": 0.4909090909090909, "4 golfcart_concept1-2 golfcart_concept2": 0.40384615384615385, "4 golfcart_concept2-2 golfcart_concept4": 0.5535714285714286, "4 golfcart_concept3-2 golfcart_concept4": 0.44545454545454544, "4 golfcart_concept1-2 golfcart_concept4": 0.5, "4 golfcart_concept2-2 golfcart_concept7": 0.47142857142857136, "4 golfcart_concept3-2 golfcart_concept7": 0.5, "4 golfcart_concept1-2 golfcart_concept7": 0.4000000000000001, "4 golfcart_concept2-2 golfcart_concept1": 0.46785714285714286, "4 golfcart_concept3-2 golfcart_concept1": 0.4909090909090909, "4 golfcart_concept1-2 golfcart_concept1": 0.4153846153846154, "4 golfcart_concept2-2 golfcart_concept8": 0.5214285714285715, "4 golfcart_concept3-2 golfcart_concept8": 0.46818181818181825, "4 golfcart_concept1-2 golfcart_concept8": 0.43076923076923085, "4 golfcart_concept2-2 random_discovery": 0.5285714285714286, "4 golfcart_concept3-2 random_discovery": 0.509090909090909, "4 golfcart_concept1-2 random_discovery": 0.5076923076923077}, "4": {"6 golfcart_concept1-4 golfcart_concept2": 0.5416666666666666, "6 golfcart_concept2-4 golfcart_concept2": 0.4277777777777777, "6 golfcart_concept3-4 golfcart_concept2": 0.4722222222222222,