{"edge_weights": {"2": {"5 grey_fox_concept6-2 grey_fox_concept4": 0.42857142857142866, "5 grey_fox_concept4-2 grey_fox_concept4": 0.4769230769230769, "5 grey_fox_concept5-2 grey_fox_concept4": 0.4342105263157895, "5 grey_fox_concept3-2 grey_fox_concept4": 0.3727272727272727, "5 grey_fox_concept2-2 grey_fox_concept4": 0.89, "5 grey_fox_concept1-2 grey_fox_concept4": 0.37666666666666665, "5 grey_fox_concept6-2 grey_fox_concept3": 0.46785714285714286, "5 grey_fox_concept4-2 grey_fox_concept3": 0.578846153846154, "5 grey_fox_concept5-2 grey_fox_concept3": 0.5105263157894736, "5 grey_fox_concept3-2 grey_fox_concept3": 0.4613636363636364, "5 grey_fox_concept2-2 grey_fox_concept3": 0.5799999999999998, "5 grey_fox_concept1-2 grey_fox_concept3": 0.44333333333333336, "5 grey_fox_concept6-2 grey_fox_concept1": 0.7142857142857142, "5 grey_fox_concept4-2 grey_fox_concept1": 0.5653846153846154, "5 grey_fox_concept5-2 grey_fox_concept1": 0.7052631578947369, "5 grey_fox_concept3-2 grey_fox_concept1": 0.5204545454545453, "5 grey_fox_concept2-2 grey_fox_concept1": 0.426, "5 grey_fox_concept1-2 grey_fox_concept1": 0.55, "5 grey_fox_concept6-2 grey_fox_concept6": 0.6107142857142858, "5 grey_fox_concept4-2 grey_fox_concept6": 0.5903846153846153, "5 grey_fox_concept5-2 grey_fox_concept6": 0.6473684210526316, "5 grey_fox_concept3-2 grey_fox_concept6": 0.49318181818181817, "5 grey_fox_concept2-2 grey_fox_concept6": 0.446, "5 grey_fox_concept1-2 grey_fox_concept6": 0.5433333333333332, "5 grey_fox_concept6-2 grey_fox_concept5": 0.6785714285714286, "5 grey_fox_concept4-2 grey_fox_concept5": 0.6807692307692308, "5 grey_fox_concept5-2 grey_fox_concept5": 0.7, "5 grey_fox_concept3-2 grey_fox_concept5": 0.575, "5 grey_fox_concept2-2 grey_fox_concept5": 0.23899999999999996, "5 grey_fox_concept1-2 grey_fox_concept5": 0.4533333333333333, "5 grey_fox_concept6-2 grey_fox_concept2": 0.65, "5 grey_fox_concept4-2 grey_fox_concept2": 0.6365384615384615, "5 grey_fox_concept5-2 grey_fox_concept2": 0.7499999999999999, "5 grey_fox_concept3-2 grey_fox_concept2": 0.5454545454545455, "5 grey_fox_concept2-2 grey_fox_concept2": 0.34500000000000003, "5 grey_fox_concept1-2 grey_fox_concept2": 0.5599999999999999, "5 grey_fox_concept6-2 random_discovery": 0.49285714285714277, "5 grey_fox_concept4-2 random_discovery": 0.4865384615384615, "5 grey_fox_concept5-2 random_discovery": 0.3947368421052631, "5 grey_fox_concept3-2 random_discovery": 0.46818181818181814, "5 grey_fox_concept2-2 random_discovery": 0.5389999999999999, "5 grey_fox_concept1-2 random_discovery": 0.4966666666666667}, "5": {"8 grey_fox_concept1-5 grey_fox_concept6": 0.36428571428571427, "8 grey_fox_concept2-5 grey_fox_concept6": 0.3833333333333334, "8 grey_fox_concept4-5 grey_fox_concept6": 0.46153846153846156, "8 grey_fox_concept6-5 grey_fox_concept6": 0.38666666666666666, "8 grey_fox_concept5-5 grey_fox_concept6": 0.3264705882352941, "8 grey_fox_concept7-5 grey_fox_concept6": 0.328125, "8 grey_fox_concept3-5 grey_fox_concept6": 0.30416666666666664, "8 grey_fox_concept1-5 grey_fox_concept4": 0.4642857142857143, "8 grey_fox_concept2-5 grey_fox_concept4": 0.42666666666666664, "8 grey_fox_concept4-5 grey_fox_concept4": 0.5846153846153846, "8 grey_fox_concept6-5 grey_fox_concept4": 0.47333333333333333, "8 grey_fox_concept5-5 grey_fox_concept4": 0.488235294117647, "8 grey_fox_concept7-5 grey_fox_concept4": 0.521875, "8 grey_fox_concept3-5 grey_fox_concept4": 0.5333333333333332, "8 grey_fox_concept1-5 grey_fox_concept5": 0.3857142857142857, "8 grey_fox_concept2-5 grey_fox_concept5": 0.47333333333333333, "8 grey_fox_concept4-5 grey_fox_concept5": 0.5653846153846154, "8 grey_fox_concept6-5 grey_fox_concept5": 0.4666666666666667, "8 grey_fox_concept5-5 grey_fox_concept5": 0.34411764705882353, "8 grey_fox_concept7-5 grey_fox_concept5": 0.3875, "8 grey_fox_concept3-5 grey_fox_concept5": 0.45, "8 grey_fox_concept1-5 grey_fox_concept3": 0.48571428571428565, "8 grey_fox_concept2-5 grey_fox_concept3": 0.45, "8 grey_fox_concept4-5 grey_fox_concept3": 0.6038461538461538, "8 grey_fox_concept6-5 grey_fox_concept3": 0.43, "8 grey_fox_concept5-5 grey_fox_concept3": 0.4470588235294118, "8 grey_fox_concept7-5 grey_fox_concept3": 0.525, "8 grey_fox_concept3-5 grey_fox_concept3": 0.5041666666666668, "8 grey_fox_concept1-5 grey_fox_concept2": 0.4357142857142858, "8 grey_fox_concept2-5 grey_fox_concept2": 0.4133333333333333, "8 grey_fox_concept4-5 grey_fox_concept2": 0.3692307692307693, "8 grey_fox_concept6-5 grey_fox_concept2": 0.41, "8 grey_fox_concept5-5 grey_fox_concept2": 0.4852941176470589, "8 grey_fox_concept7-5 grey_fox_concept2": 0.41875, "8 grey_fox_concept3-5 grey_fox_concept2": 0.5250000000000001, "8 grey_fox_concept1-5 grey_fox_concept1": 0.5464285714285714, "8 grey_fox_concept2-5 grey_fox_concept1": 0.5766666666666665, "8 grey_fox_concept4-5 grey_fox_concept1": 0.7384615384615386, "8 grey_fox_concept6-5 grey_fox_concept1": 0.49333333333333335, "8 grey_fox_concept5-5 grey_fox_concept1": 0.5470588235294118, "8 grey_fox_concept7-5 grey_fox_concept1": 0.51875, "8 grey_fox_concept3-5 grey_fox_concept1": 0.6124999999999999, "8 grey_fox_concept1-5 random_discovery": 0.4392857142857142, "8 grey_fox_concept2-5 random_discovery": 0.53, "8 grey_fox_concept4-5 random_discovery": 0.4807692307692307, "8 grey_fox_concept6-5 random_discovery": 0.5399999999999999, "8 grey_fox_concept5-5 random_discovery": 0.44411764705882356, "8 grey_fox_concept7-5 random_discovery": 0.4875, "8 grey_fox_concept3-5 random_discovery": 0.4875}, "8": {"10 grey_fox_concept2-8 grey_fox_concept1": 0.2611111111111112, "10 grey_fox_concept1-8 grey_fox_concept1": 0.27222222222222225, "10 grey_fox_concept3-8 grey_fox_concept1": 0.34, "10 grey_fox_concept2-8 grey_fox_concept2": 0.28888888888888886, "10 grey_fox_concept1-8 grey_fox_concept2": 0.2111111111111111, "10 grey_fox_concept3-8 grey_fox_concept2": 0.3, "10 grey_fox_concept2-8 grey_fox_concept4": 0.33888888888888885, "10 grey_fox_concept1-8 grey_fox_concept4": 0.2888888888888888, "10 grey_fox_concept3-8 grey_fox_concept4": 0.36, "10 grey_fox_concept2-8 grey_fox_concept6": 0.37222222222222223, "10 grey_fox_concept1-8 grey_fox_concept6": 0.25, "10 grey_fox_concept3-8 grey_fox_concept6": 0.39999999999999997, "10 grey_fox_concept2-8 grey_fox_concept5": 0.45, "10 grey_fox_concept1-8 grey_fox_concept5": 0.2722222222222222, "10 grey_fox_concept3-8 grey_fox_concept5": 0.29000000000000004, "10 grey_fox_concept2-8 grey_fox_concept7": 0.4277777777777777, "10 grey_fox_concept1-8 grey_fox_concept7": 0.18333333333333335, "10 grey_fox_concept3-8 grey_fox_concept7": 0.32, "10 grey_fox_concept2-8 grey_fox_concept3": 0.5, "10 grey_fox_concept1-8 grey_fox_concept3": 0.3277777777777777, "10 grey_fox_concept3-8 grey_fox_concept3": 0.41000000000000003, "10 grey_fox_concept2-8 random_discovery": 0.5777777777777777, "10 grey_fox_concept1-8 random_discovery": 0.3555555555555555, "10 grey_fox_concept3-8 random_discovery": 0.5249999999999999}, "10": {"class grey_fox-10 grey_fox_concept2": 0.8610000000000001, "class grey_fox-10 grey_fox_concept1": 0.57, "class grey_fox-10 grey_fox_concept3": 0.3330000000000001, "class grey_fox-10 random_discovery": 0.5469999999999999}}, "images": {"2": ["demo_outputs2_processed/vit_b_4Lay/grey_fox/2/grey_fox_concept4", "demo_outputs2_processed/vit_b_4Lay/grey_fox/2/grey_fox_concept3", "demo_outputs2_processed/vit_b_4Lay/grey_fox/2/grey_fox_concept1", "demo_outputs2_processed/vit_b_4Lay/grey_fox/2/grey_fox_concept6", "demo_outputs2_processed/vit_b_4Lay/grey_fox/2/grey_fox_concept5", "demo_outputs2_processed/vit_b_4Lay/grey_fox/2/grey_fox_concept2"],