{"edge_weights": {"8": {"15 grey_fox_concept8-8 grey_fox_concept7": 0.39444444444444443, "15 grey_fox_concept1-8 grey_fox_concept7": 0.4411764705882352, "15 grey_fox_concept3-8 grey_fox_concept7": 0.32499999999999996, "15 grey_fox_concept6-8 grey_fox_concept7": 0.4205882352941176, "15 grey_fox_concept2-8 grey_fox_concept7": 0.43999999999999995, "15 grey_fox_concept5-8 grey_fox_concept7": 0.4259259259259259, "15 grey_fox_concept9-8 grey_fox_concept7": 0.46944444444444444, "15 grey_fox_concept4-8 grey_fox_concept7": 0.434375, "15 grey_fox_concept7-8 grey_fox_concept7": 0.37142857142857144, "15 grey_fox_concept8-8 grey_fox_concept10": 0.34814814814814815, "15 grey_fox_concept1-8 grey_fox_concept10": 0.3970588235294118, "15 grey_fox_concept3-8 grey_fox_concept10": 0.2977272727272727, "15 grey_fox_concept6-8 grey_fox_concept10": 0.3558823529411764, "15 grey_fox_concept2-8 grey_fox_concept10": 0.45, "15 grey_fox_concept5-8 grey_fox_concept10": 0.2981481481481481, "15 grey_fox_concept9-8 grey_fox_concept10": 0.41944444444444445, "15 grey_fox_concept4-8 grey_fox_concept10": 0.34375, "15 grey_fox_concept7-8 grey_fox_concept10": 0.2285714285714285, "15 grey_fox_concept8-8 grey_fox_concept6": 0.46851851851851845, "15 grey_fox_concept1-8 grey_fox_concept6": 0.4794117647058823, "15 grey_fox_concept3-8 grey_fox_concept6": 0.4909090909090909, "15 grey_fox_concept6-8 grey_fox_concept6": 0.49411764705882355, "15 grey_fox_concept2-8 grey_fox_concept6": 0.49399999999999994, "15 grey_fox_concept5-8 grey_fox_concept6": 0.5222222222222221, "15 grey_fox_concept9-8 grey_fox_concept6": 0.55, "15 grey_fox_concept4-8 grey_fox_concept6": 0.546875, "15 grey_fox_concept7-8 grey_fox_concept6": 0.5249999999999999, "15 grey_fox_concept8-8 grey_fox_concept9": 0.4, "15 grey_fox_concept1-8 grey_fox_concept9": 0.3941176470588235, "15 grey_fox_concept3-8 grey_fox_concept9": 0.3954545454545455, "15 grey_fox_concept6-8 grey_fox_concept9": 0.37647058823529406, "15 grey_fox_concept2-8 grey_fox_concept9": 0.43200000000000005, "15 grey_fox_concept5-8 grey_fox_concept9": 0.4814814814814815, "15 grey_fox_concept9-8 grey_fox_concept9": 0.45555555555555555, "15 grey_fox_concept4-8 grey_fox_concept9": 0.49375, "15 grey_fox_concept7-8 grey_fox_concept9": 0.44642857142857145, "15 grey_fox_concept8-8 grey_fox_concept4": 0.35925925925925917, "15 grey_fox_concept1-8 grey_fox_concept4": 0.3352941176470588, "15 grey_fox_concept3-8 grey_fox_concept4": 0.2590909090909091, "15 grey_fox_concept6-8 grey_fox_concept4": 0.27941176470588236, "15 grey_fox_concept2-8 grey_fox_concept4": 0.39000000000000007, "15 grey_fox_concept5-8 grey_fox_concept4": 0.2592592592592592, "15 grey_fox_concept9-8 grey_fox_concept4": 0.3555555555555555, "15 grey_fox_concept4-8 grey_fox_concept4": 0.296875, "15 grey_fox_concept7-8 grey_fox_concept4": 0.20714285714285713, "15 grey_fox_concept8-8 grey_fox_concept8": 0.3648148148148148, "15 grey_fox_concept1-8 grey_fox_concept8": 0.3676470588235294, "15 grey_fox_concept3-8 grey_fox_concept8": 0.2545454545454545, "15 grey_fox_concept6-8 grey_fox_concept8": 0.2735294117647059, "15 grey_fox_concept2-8 grey_fox_concept8": 0.42200000000000004, "15 grey_fox_concept5-8 grey_fox_concept8": 0.2907407407407407, "15 grey_fox_concept9-8 grey_fox_concept8": 0.3611111111111111, "15 grey_fox_concept4-8 grey_fox_concept8": 0.290625, "15 grey_fox_concept7-8 grey_fox_concept8": 0.18928571428571425, "15 grey_fox_concept8-8 grey_fox_concept5": 0.40555555555555556, "15 grey_fox_concept1-8 grey_fox_concept5": 0.4, "15 grey_fox_concept3-8 grey_fox_concept5": 0.3272727272727272, "15 grey_fox_concept6-8 grey_fox_concept5": 0.32352941176470584, "15 grey_fox_concept2-8 grey_fox_concept5": 0.45199999999999996, "15 grey_fox_concept5-8 grey_fox_concept5": 0.36851851851851847, "15 grey_fox_concept9-8 grey_fox_concept5": 0.3916666666666667, "15 grey_fox_concept4-8 grey_fox_concept5": 0.38125, "15 grey_fox_concept7-8 grey_fox_concept5": 0.3464285714285714, "15 grey_fox_concept8-8 grey_fox_concept2": 0.3648148148148148, "15 grey_fox_concept1-8 grey_fox_concept2": 0.42058823529411765, "15 grey_fox_concept3-8 grey_fox_concept2": 0.359090909090909, "15 grey_fox_concept6-8 grey_fox_concept2": 0.3735294117647059, "15 grey_fox_concept2-8 grey_fox_concept2": 0.406, "15 grey_fox_concept5-8 grey_fox_concept2": 0.44074074074074077, "15 grey_fox_concept9-8 grey_fox_concept2": 0.43888888888888894, "15 grey_fox_concept4-8 grey_fox_concept2": 0.41875, "15 grey_fox_concept7-8 grey_fox_concept2": 0.42857142857142855, "15 grey_fox_concept8-8 grey_fox_concept3": 0.3555555555555555, "15 grey_fox_concept1-8 grey_fox_concept3": 0.4294117647058823, "15 grey_fox_concept3-8 grey_fox_concept3": 0.3090909090909091, "15 grey_fox_concept6-8 grey_fox_concept3": 0.338235294117647, "15 grey_fox_concept2-8 grey_fox_concept3": 0.414, "15 grey_fox_concept5-8 grey_fox_concept3": 0.3407407407407407, "15 grey_fox_concept9-8 grey_fox_concept3": 0.41111111111111115, "15 grey_fox_concept4-8 grey_fox_concept3": 0.403125, "15 grey_fox_concept7-8 grey_fox_concept3": 0.26785714285714285, "15 grey_fox_concept8-8 grey_fox_concept1": 0.3555555555555555, "15 grey_fox_concept1-8 grey_fox_concept1": 0.4088235294117647, "15 grey_fox_concept3-8 grey_fox_concept1": 0.2659090909090909, "15 grey_fox_concept6-8 grey_fox_concept1": 0.27941176470588236, "15 grey_fox_concept2-8 grey_fox_concept1": 0.4000000000000001, "15 grey_fox_concept5-8 grey_fox_concept1": 0.32592592592592584, "15 grey_fox_concept9-8 grey_fox_concept1": 0.3527777777777778, "15 grey_fox_concept4-8 grey_fox_concept1": 0.325, "15 grey_fox_concept7-8 grey_fox_concept1": 0.20714285714285713, "15 grey_fox_concept8-8 random_discovery": 0.42407407407407405, "15 grey_fox_concept1-8 random_discovery": 0.4794117647058824, "15 grey_fox_concept3-8 random_discovery": 0.4022727272727272, "15 grey_fox_concept6-8 random_discovery": 0.40882352941176475, "15 grey_fox_concept2-8 random_discovery": 0.3940000000000001, "15 grey_fox_concept5-8 random_discovery": 0.42037037037037034, "15 grey_fox_concept9-8 random_discovery": 0.4416666666666667, "15 grey_fox_concept4-8 random_discovery": 0.38125, "15 grey_fox_concept7-8 random_discovery": 0.3428571428571428}, "15": {"22 grey_fox_concept5-15 grey_fox_concept8": 0.32173913043478264, "22 grey_fox_concept4-15 grey_fox_concept8": 0.38461538461538464, "22 grey_fox_concept6-15 grey_fox_concept8": 0.115625, "22 grey_fox_concept2-15 grey_fox_concept8": 0.3, "22 grey_fox_concept3-15 grey_fox_concept8": 0.20277777777777772, "22 grey_fox_concept1-15 grey_fox_concept8": 0.290625, "22 grey_fox_concept5-15 grey_fox_concept1": 0.2804347826086957, "22 grey_fox_concept4-15 grey_fox_concept1": 0.46538461538461534, "22 grey_fox_concept6-15 grey_fox_concept1": 0.09375, "22 grey_fox_concept2-15 grey_fox_concept1": 0.22142857142857145, "22 grey_fox_concept3-15 grey_fox_concept1": 0.23888888888888893, "22 grey_fox_concept1-15 grey_fox_concept1": 0.30625, "22 grey_fox_concept5-15 grey_fox_concept3": 0.3021739130434783, "22 grey_fox_concept4-15 grey_fox_concept3": 0.45, "22 grey_fox_concept6-15 grey_fox_concept3": 0.115625, "22 grey_fox_concept2-15 grey_fox_concept3": 0.28928571428571426, "22 grey_fox_concept3-15 grey_fox_concept3": 0.19166666666666668, "22 grey_fox_concept1-15 grey_fox_concept3": 0.31875, "22 grey_fox_concept5-15 grey_fox_concept6": 0.29347826086956524, "22 grey_fox_concept4-15 grey_fox_concept6": 0.32307692307692315, "22 grey_fox_concept6-15 grey_fox_concept6": 0.1, "22 grey_fox_concept2-15 grey_fox_concept6": 0.37142857142857144, "22 grey_fox_concept3-15 grey_fox_concept6": 0.26388888888888884, "22 grey_fox_concept1-15 grey_fox_concept6": 0.246875, "22 grey_fox_concept5-15 grey_fox_concept2": 0.2695652173913043, "22 grey_fox_concept4-15 grey_fox_concept2": 0.39230769230769236, "22 grey_fox_concept6-15 grey_fox_concept2": 0.053125, "22 grey_fox_concept2-15 grey_fox_concept2": 0.23571428571428577, "22 grey_fox_concept3-15 grey_fox_concept2": 0.20555555555555557,