{"edge_weights": {"8": {"15 golfcart_concept1-8 golfcart_concept1": 0.31304347826086953, "15 golfcart_concept7-8 golfcart_concept1": 0.2760000000000001, "15 golfcart_concept3-8 golfcart_concept1": 0.25999999999999995, "15 golfcart_concept6-8 golfcart_concept1": 0.3482142857142857, "15 golfcart_concept4-8 golfcart_concept1": 0.3307692307692308, "15 golfcart_concept2-8 golfcart_concept1": 0.28421052631578947, "15 golfcart_concept8-8 golfcart_concept1": 0.38421052631578945, "15 golfcart_concept5-8 golfcart_concept1": 0.38125, "15 golfcart_concept9-8 golfcart_concept1": 0.22647058823529406, "15 golfcart_concept1-8 golfcart_concept7": 0.25434782608695655, "15 golfcart_concept7-8 golfcart_concept7": 0.2760000000000001, "15 golfcart_concept3-8 golfcart_concept7": 0.2333333333333334, "15 golfcart_concept6-8 golfcart_concept7": 0.34464285714285714, "15 golfcart_concept4-8 golfcart_concept7": 0.38461538461538464, "15 golfcart_concept2-8 golfcart_concept7": 0.28947368421052627, "15 golfcart_concept8-8 golfcart_concept7": 0.30526315789473685, "15 golfcart_concept5-8 golfcart_concept7": 0.353125, "15 golfcart_concept9-8 golfcart_concept7": 0.33529411764705885, "15 golfcart_concept1-8 golfcart_concept8": 0.2152173913043478, "15 golfcart_concept7-8 golfcart_concept8": 0.2700000000000001, "15 golfcart_concept3-8 golfcart_concept8": 0.15666666666666668, "15 golfcart_concept6-8 golfcart_concept8": 0.3446428571428571, "15 golfcart_concept4-8 golfcart_concept8": 0.32307692307692315, "15 golfcart_concept2-8 golfcart_concept8": 0.27631578947368424, "15 golfcart_concept8-8 golfcart_concept8": 0.32368421052631585, "15 golfcart_concept5-8 golfcart_concept8": 0.34375, "15 golfcart_concept9-8 golfcart_concept8": 0.16470588235294115, "15 golfcart_concept1-8 golfcart_concept3": 0.22608695652173916, "15 golfcart_concept7-8 golfcart_concept3": 0.2920000000000001, "15 golfcart_concept3-8 golfcart_concept3": 0.19333333333333338, "15 golfcart_concept6-8 golfcart_concept3": 0.3892857142857143, "15 golfcart_concept4-8 golfcart_concept3": 0.35769230769230775, "15 golfcart_concept2-8 golfcart_concept3": 0.3578947368421053, "15 golfcart_concept8-8 golfcart_concept3": 0.4473684210526315, "15 golfcart_concept5-8 golfcart_concept3": 0.415625, "15 golfcart_concept9-8 golfcart_concept3": 0.22941176470588234, "15 golfcart_concept1-8 golfcart_concept9": 0.20869565217391303, "15 golfcart_concept7-8 golfcart_concept9": 0.2780000000000001, "15 golfcart_concept3-8 golfcart_concept9": 0.1866666666666667, "15 golfcart_concept6-8 golfcart_concept9": 0.4053571428571428, "15 golfcart_concept4-8 golfcart_concept9": 0.35384615384615387, "15 golfcart_concept2-8 golfcart_concept9": 0.35, "15 golfcart_concept8-8 golfcart_concept9": 0.3394736842105263, "15 golfcart_concept5-8 golfcart_concept9": 0.4, "15 golfcart_concept9-8 golfcart_concept9": 0.23823529411764705, "15 golfcart_concept1-8 golfcart_concept10": 0.40652173913043477, "15 golfcart_concept7-8 golfcart_concept10": 0.51, "15 golfcart_concept3-8 golfcart_concept10": 0.5299999999999999, "15 golfcart_concept6-8 golfcart_concept10": 0.4267857142857142, "15 golfcart_concept4-8 golfcart_concept10": 0.6076923076923076, "15 golfcart_concept2-8 golfcart_concept10": 0.49210526315789477, "15 golfcart_concept8-8 golfcart_concept10": 0.2947368421052632, "15 golfcart_concept5-8 golfcart_concept10": 0.503125, "15 golfcart_concept9-8 golfcart_concept10": 0.5323529411764706, "15 golfcart_concept1-8 golfcart_concept12": 0.3739130434782608, "15 golfcart_concept7-8 golfcart_concept12": 0.4840000000000001, "15 golfcart_concept3-8 golfcart_concept12": 0.4866666666666667, "15 golfcart_concept6-8 golfcart_concept12": 0.525, "15 golfcart_concept4-8 golfcart_concept12": 0.48461538461538467, "15 golfcart_concept2-8 golfcart_concept12": 0.47105263157894733, "15 golfcart_concept8-8 golfcart_concept12": 0.48157894736842105, "15 golfcart_concept5-8 golfcart_concept12": 0.55, "15 golfcart_concept9-8 golfcart_concept12": 0.48235294117647065, "15 golfcart_concept1-8 golfcart_concept4": 0.6239130434782607, "15 golfcart_concept7-8 golfcart_concept4": 0.6500000000000001, "15 golfcart_concept3-8 golfcart_concept4": 0.6366666666666665, "15 golfcart_concept6-8 golfcart_concept4": 0.5839285714285715, "15 golfcart_concept4-8 golfcart_concept4": 0.7076923076923077, "15 golfcart_concept2-8 golfcart_concept4": 0.513157894736842, "15 golfcart_concept8-8 golfcart_concept4": 0.5394736842105263, "15 golfcart_concept5-8 golfcart_concept4": 0.7125, "15 golfcart_concept9-8 golfcart_concept4": 0.6911764705882353, "15 golfcart_concept1-8 golfcart_concept2": 0.2608695652173913, "15 golfcart_concept7-8 golfcart_concept2": 0.3960000000000001, "15 golfcart_concept3-8 golfcart_concept2": 0.35333333333333333, "15 golfcart_concept6-8 golfcart_concept2": 0.44107142857142856, "15 golfcart_concept4-8 golfcart_concept2": 0.46153846153846156, "15 golfcart_concept2-8 golfcart_concept2": 0.3736842105263158, "15 golfcart_concept8-8 golfcart_concept2": 0.4447368421052631, "15 golfcart_concept5-8 golfcart_concept2": 0.459375, "15 golfcart_concept9-8 golfcart_concept2": 0.30588235294117655, "15 golfcart_concept1-8 golfcart_concept6": 0.2543478260869566, "15 golfcart_concept7-8 golfcart_concept6": 0.2940000000000001, "15 golfcart_concept3-8 golfcart_concept6": 0.22000000000000003, "15 golfcart_concept6-8 golfcart_concept6": 0.4446428571428571, "15 golfcart_concept4-8 golfcart_concept6": 0.31923076923076926, "15 golfcart_concept2-8 golfcart_concept6": 0.3526315789473683, "15 golfcart_concept8-8 golfcart_concept6": 0.4815789473684209, "15 golfcart_concept5-8 golfcart_concept6": 0.41875, "15 golfcart_concept9-8 golfcart_concept6": 0.25, "15 golfcart_concept1-8 golfcart_concept5": 0.41521739130434787, "15 golfcart_concept7-8 golfcart_concept5": 0.4080000000000001, "15 golfcart_concept3-8 golfcart_concept5": 0.44333333333333325, "15 golfcart_concept6-8 golfcart_concept5": 0.475, "15 golfcart_concept4-8 golfcart_concept5": 0.40384615384615385, "15 golfcart_concept2-8 golfcart_concept5": 0.37105263157894736, "15 golfcart_concept8-8 golfcart_concept5": 0.4578947368421053, "15 golfcart_concept5-8 golfcart_concept5": 0.3875, "15 golfcart_concept9-8 golfcart_concept5": 0.4470588235294117, "15 golfcart_concept1-8 golfcart_concept11": 0.44565217391304346, "15 golfcart_concept7-8 golfcart_concept11": 0.37, "15 golfcart_concept3-8 golfcart_concept11": 0.3566666666666667, "15 golfcart_concept6-8 golfcart_concept11": 0.43392857142857144, "15 golfcart_concept4-8 golfcart_concept11": 0.35384615384615387, "15 golfcart_concept2-8 golfcart_concept11": 0.37368421052631573, "15 golfcart_concept8-8 golfcart_concept11": 0.4736842105263158, "15 golfcart_concept5-8 golfcart_concept11": 0.359375, "15 golfcart_concept9-8 golfcart_concept11": 0.4088235294117647, "15 golfcart_concept1-8 random_discovery": 0.3739130434782608, "15 golfcart_concept7-8 random_discovery": 0.3960000000000001, "15 golfcart_concept3-8 random_discovery": 0.35, "15 golfcart_concept6-8 random_discovery": 0.45714285714285713, "15 golfcart_concept4-8 random_discovery": 0.4461538461538462, "15 golfcart_concept2-8 random_discovery": 0.4394736842105263, "15 golfcart_concept8-8 random_discovery": 0.4842105263157895, "15 golfcart_concept5-8 random_discovery": 0.45625, "15 golfcart_concept9-8 random_discovery": 0.4294117647058823}, "15": {"22 golfcart_concept4-15 golfcart_concept1": 0.2777777777777778, "22 golfcart_concept3-15 golfcart_concept1": 0.4104166666666666, "22 golfcart_concept5-15 golfcart_concept1": 0.30833333333333335, "22 golfcart_concept1-15 golfcart_concept1": 0.45, "22 golfcart_concept6-15 golfcart_concept1": 0.44666666666666677, "22 golfcart_concept2-15 golfcart_concept1": 0.40666666666666673, "22 golfcart_concept4-15 golfcart_concept7": 0.22592592592592586, "22 golfcart_concept3-15 golfcart_concept7": 0.20833333333333331, "22 golfcart_concept5-15 golfcart_concept7": 0.22916666666666669, "22 golfcart_concept1-15 golfcart_concept7": 0.25,