{"edge_weights": {"layer1": {"layer2 tennis_ball_concept3-layer1 tennis_ball_concept6": 0.4047619047619048, "layer2 tennis_ball_concept6-layer1 tennis_ball_concept6": 0.48658536585365847, "layer2 tennis_ball_concept7-layer1 tennis_ball_concept6": 0.36, "layer2 tennis_ball_concept2-layer1 tennis_ball_concept6": 0.3826086956521739, "layer2 tennis_ball_concept5-layer1 tennis_ball_concept6": 0.3795454545454545, "layer2 tennis_ball_concept4-layer1 tennis_ball_concept6": 0.426923076923077, "layer2 tennis_ball_concept1-layer1 tennis_ball_concept6": 0.51, "layer2 tennis_ball_concept3-layer1 tennis_ball_concept2": 0.31904761904761897, "layer2 tennis_ball_concept6-layer1 tennis_ball_concept2": 0.4146341463414635, "layer2 tennis_ball_concept7-layer1 tennis_ball_concept2": 0.3666666666666666, "layer2 tennis_ball_concept2-layer1 tennis_ball_concept2": 0.40652173913043477, "layer2 tennis_ball_concept5-layer1 tennis_ball_concept2": 0.5204545454545454, "layer2 tennis_ball_concept4-layer1 tennis_ball_concept2": 0.5461538461538461, "layer2 tennis_ball_concept1-layer1 tennis_ball_concept2": 0.4766666666666667, "layer2 tennis_ball_concept3-layer1 tennis_ball_concept4": 0.4261904761904762, "layer2 tennis_ball_concept6-layer1 tennis_ball_concept4": 0.4524390243902438, "layer2 tennis_ball_concept7-layer1 tennis_ball_concept4": 0.4133333333333333, "layer2 tennis_ball_concept2-layer1 tennis_ball_concept4": 0.3978260869565218, "layer2 tennis_ball_concept5-layer1 tennis_ball_concept4": 0.5000000000000001, "layer2 tennis_ball_concept4-layer1 tennis_ball_concept4": 0.44615384615384623, "layer2 tennis_ball_concept1-layer1 tennis_ball_concept4": 0.42666666666666675, "layer2 tennis_ball_concept3-layer1 tennis_ball_concept5": 0.3666666666666666, "layer2 tennis_ball_concept6-layer1 tennis_ball_concept5": 0.42560975609756097, "layer2 tennis_ball_concept7-layer1 tennis_ball_concept5": 0.39666666666666667, "layer2 tennis_ball_concept2-layer1 tennis_ball_concept5": 0.32608695652173914, "layer2 tennis_ball_concept5-layer1 tennis_ball_concept5": 0.43863636363636366, "layer2 tennis_ball_concept4-layer1 tennis_ball_concept5": 0.3192307692307692, "layer2 tennis_ball_concept1-layer1 tennis_ball_concept5": 0.3433333333333333, "layer2 tennis_ball_concept3-layer1 tennis_ball_concept3": 0.37619047619047624, "layer2 tennis_ball_concept6-layer1 tennis_ball_concept3": 0.4280487804878049, "layer2 tennis_ball_concept7-layer1 tennis_ball_concept3": 0.43000000000000005, "layer2 tennis_ball_concept2-layer1 tennis_ball_concept3": 0.35, "layer2 tennis_ball_concept5-layer1 tennis_ball_concept3": 0.575, "layer2 tennis_ball_concept4-layer1 tennis_ball_concept3": 0.5576923076923077, "layer2 tennis_ball_concept1-layer1 tennis_ball_concept3": 0.5133333333333333, "layer2 tennis_ball_concept3-layer1 tennis_ball_concept1": 0.3857142857142857, "layer2 tennis_ball_concept6-layer1 tennis_ball_concept1": 0.46829268292682924, "layer2 tennis_ball_concept7-layer1 tennis_ball_concept1": 0.3666666666666666, "layer2 tennis_ball_concept2-layer1 tennis_ball_concept1": 0.3739130434782608, "layer2 tennis_ball_concept5-layer1 tennis_ball_concept1": 0.3795454545454545, "layer2 tennis_ball_concept4-layer1 tennis_ball_concept1": 0.5076923076923077, "layer2 tennis_ball_concept1-layer1 tennis_ball_concept1": 0.4766666666666667, "layer2 tennis_ball_concept3-layer1 random_discovery": 0.44523809523809527, "layer2 tennis_ball_concept6-layer1 random_discovery": 0.47073170731707314, "layer2 tennis_ball_concept7-layer1 random_discovery": 0.4783333333333334, "layer2 tennis_ball_concept2-layer1 random_discovery": 0.4826086956521739, "layer2 tennis_ball_concept5-layer1 random_discovery": 0.5045454545454545, "layer2 tennis_ball_concept4-layer1 random_discovery": 0.46153846153846156, "layer2 tennis_ball_concept1-layer1 random_discovery": 0.44333333333333347}, "layer2": {"layer3 tennis_ball_concept6-layer2 tennis_ball_concept3": 0.5821428571428571, "layer3 tennis_ball_concept2-layer2 tennis_ball_concept3": 0.5041666666666667, "layer3 tennis_ball_concept5-layer2 tennis_ball_concept3": 0.5552631578947368, "layer3 tennis_ball_concept3-layer2 tennis_ball_concept3": 0.4583333333333333, "layer3 tennis_ball_concept1-layer2 tennis_ball_concept3": 0.42727272727272725, "layer3 tennis_ball_concept4-layer2 tennis_ball_concept3": 0.5409090909090908, "layer3 tennis_ball_concept6-layer2 tennis_ball_concept6": 0.5607142857142856, "layer3 tennis_ball_concept2-layer2 tennis_ball_concept6": 0.4875000000000001, "layer3 tennis_ball_concept5-layer2 tennis_ball_concept6": 0.47368421052631565, "layer3 tennis_ball_concept3-layer2 tennis_ball_concept6": 0.4208333333333333, "layer3 tennis_ball_concept1-layer2 tennis_ball_concept6": 0.4636363636363637, "layer3 tennis_ball_concept4-layer2 tennis_ball_concept6": 0.4909090909090909, "layer3 tennis_ball_concept6-layer2 tennis_ball_concept7": 0.5678571428571428, "layer3 tennis_ball_concept2-layer2 tennis_ball_concept7": 0.5, "layer3 tennis_ball_concept5-layer2 tennis_ball_concept7": 0.5289473684210526, "layer3 tennis_ball_concept3-layer2 tennis_ball_concept7": 0.4083333333333334, "layer3 tennis_ball_concept1-layer2 tennis_ball_concept7": 0.4909090909090909, "layer3 tennis_ball_concept4-layer2 tennis_ball_concept7": 0.5727272727272726, "layer3 tennis_ball_concept6-layer2 tennis_ball_concept2": 0.6107142857142855, "layer3 tennis_ball_concept2-layer2 tennis_ball_concept2": 0.5375000000000001, "layer3 tennis_ball_concept5-layer2 tennis_ball_concept2": 0.536842105263158, "layer3 tennis_ball_concept3-layer2 tennis_ball_concept2": 0.5291666666666667, "layer3 tennis_ball_concept1-layer2 tennis_ball_concept2": 0.5159090909090909, "layer3 tennis_ball_concept4-layer2 tennis_ball_concept2": 0.618181818181818, "layer3 tennis_ball_concept6-layer2 tennis_ball_concept5": 0.6928571428571427, "layer3 tennis_ball_concept2-layer2 tennis_ball_concept5": 0.7041666666666666, "layer3 tennis_ball_concept5-layer2 tennis_ball_concept5": 0.6578947368421052, "layer3 tennis_ball_concept3-layer2 tennis_ball_concept5": 0.6375, "layer3 tennis_ball_concept1-layer2 tennis_ball_concept5": 0.6318181818181818, "layer3 tennis_ball_concept4-layer2 tennis_ball_concept5": 0.65, "layer3 tennis_ball_concept6-layer2 tennis_ball_concept4": 0.5857142857142856, "layer3 tennis_ball_concept2-layer2 tennis_ball_concept4": 0.6583333333333332, "layer3 tennis_ball_concept5-layer2 tennis_ball_concept4": 0.5947368421052633, "layer3 tennis_ball_concept3-layer2 tennis_ball_concept4": 0.5791666666666667, "layer3 tennis_ball_concept1-layer2 tennis_ball_concept4": 0.46818181818181814, "layer3 tennis_ball_concept4-layer2 tennis_ball_concept4": 0.6227272727272728, "layer3 tennis_ball_concept6-layer2 tennis_ball_concept1": 0.5642857142857143, "layer3 tennis_ball_concept2-layer2 tennis_ball_concept1": 0.6000000000000001, "layer3 tennis_ball_concept5-layer2 tennis_ball_concept1": 0.5289473684210526, "layer3 tennis_ball_concept3-layer2 tennis_ball_concept1": 0.525, "layer3 tennis_ball_concept1-layer2 tennis_ball_concept1": 0.5250000000000001, "layer3 tennis_ball_concept4-layer2 tennis_ball_concept1": 0.559090909090909, "layer3 tennis_ball_concept6-layer2 random_discovery": 0.4999999999999999, "layer3 tennis_ball_concept2-layer2 random_discovery": 0.4291666666666667, "layer3 tennis_ball_concept5-layer2 random_discovery": 0.46842105263157896, "layer3 tennis_ball_concept3-layer2 random_discovery": 0.4666666666666666, "layer3 tennis_ball_concept1-layer2 random_discovery": 0.46590909090909083, "layer3 tennis_ball_concept4-layer2 random_discovery": 0.47272727272727266}, "layer3": {"layer4 tennis_ball_concept1-layer3 tennis_ball_concept6": 0.525, "layer4 tennis_ball_concept2-layer3 tennis_ball_concept6": 0.6499999999999999, "layer4 tennis_ball_concept1-layer3 tennis_ball_concept2": 0.525, "layer4 tennis_ball_concept2-layer3 tennis_ball_concept2": 0.5399999999999999, "layer4 tennis_ball_concept1-layer3 tennis_ball_concept5": 0.6649999999999998,