{"edge_weights": {"1": {"3 golfcart_concept6-1 golfcart_concept3": 0.5076923076923077, "3 golfcart_concept2-1 golfcart_concept3": 0.4227272727272727, "3 golfcart_concept4-1 golfcart_concept3": 0.46896551724137925, "3 golfcart_concept5-1 golfcart_concept3": 0.5347826086956522, "3 golfcart_concept3-1 golfcart_concept3": 0.5400000000000001, "3 golfcart_concept1-1 golfcart_concept3": 0.5428571428571428, "3 golfcart_concept6-1 golfcart_concept5": 0.5288461538461537, "3 golfcart_concept2-1 golfcart_concept5": 0.4204545454545454, "3 golfcart_concept4-1 golfcart_concept5": 0.4362068965517241, "3 golfcart_concept5-1 golfcart_concept5": 0.5000000000000001, "3 golfcart_concept3-1 golfcart_concept5": 0.542, "3 golfcart_concept1-1 golfcart_concept5": 0.5250000000000001, "3 golfcart_concept6-1 golfcart_concept11": 0.5326923076923077, "3 golfcart_concept2-1 golfcart_concept11": 0.4431818181818182, "3 golfcart_concept4-1 golfcart_concept11": 0.43965517241379315, "3 golfcart_concept5-1 golfcart_concept11": 0.5217391304347826, "3 golfcart_concept3-1 golfcart_concept11": 0.514, "3 golfcart_concept1-1 golfcart_concept11": 0.5785714285714285, "3 golfcart_concept6-1 golfcart_concept2": 0.4884615384615385, "3 golfcart_concept2-1 golfcart_concept2": 0.5045454545454545, "3 golfcart_concept4-1 golfcart_concept2": 0.4655172413793104, "3 golfcart_concept5-1 golfcart_concept2": 0.5239130434782607, "3 golfcart_concept3-1 golfcart_concept2": 0.46799999999999997, "3 golfcart_concept1-1 golfcart_concept2": 0.47678571428571426, "3 golfcart_concept6-1 golfcart_concept10": 0.5788461538461538, "3 golfcart_concept2-1 golfcart_concept10": 0.425, "3 golfcart_concept4-1 golfcart_concept10": 0.4810344827586207, "3 golfcart_concept5-1 golfcart_concept10": 0.5195652173913043, "3 golfcart_concept3-1 golfcart_concept10": 0.4879999999999999, "3 golfcart_concept1-1 golfcart_concept10": 0.5357142857142857, "3 golfcart_concept6-1 golfcart_concept7": 0.596153846153846, "3 golfcart_concept2-1 golfcart_concept7": 0.46818181818181814, "3 golfcart_concept4-1 golfcart_concept7": 0.48965517241379314, "3 golfcart_concept5-1 golfcart_concept7": 0.5478260869565217, "3 golfcart_concept3-1 golfcart_concept7": 0.5400000000000001, "3 golfcart_concept1-1 golfcart_concept7": 0.5607142857142857, "3 golfcart_concept6-1 golfcart_concept1": 0.5865384615384615, "3 golfcart_concept2-1 golfcart_concept1": 0.4613636363636363, "3 golfcart_concept4-1 golfcart_concept1": 0.47241379310344833, "3 golfcart_concept5-1 golfcart_concept1": 0.5043478260869565, "3 golfcart_concept3-1 golfcart_concept1": 0.504, "3 golfcart_concept1-1 golfcart_concept1": 0.5089285714285715, "3 golfcart_concept6-1 golfcart_concept9": 0.5711538461538461, "3 golfcart_concept2-1 golfcart_concept9": 0.42727272727272725, "3 golfcart_concept4-1 golfcart_concept9": 0.46551724137931033, "3 golfcart_concept5-1 golfcart_concept9": 0.47173913043478255, "3 golfcart_concept3-1 golfcart_concept9": 0.51, "3 golfcart_concept1-1 golfcart_concept9": 0.5339285714285714, "3 golfcart_concept6-1 golfcart_concept8": 0.5461538461538462, "3 golfcart_concept2-1 golfcart_concept8": 0.43636363636363634, "3 golfcart_concept4-1 golfcart_concept8": 0.47586206896551725, "3 golfcart_concept5-1 golfcart_concept8": 0.5130434782608696, "3 golfcart_concept3-1 golfcart_concept8": 0.4879999999999999, "3 golfcart_concept1-1 golfcart_concept8": 0.5357142857142858, "3 golfcart_concept6-1 golfcart_concept6": 0.5615384615384614, "3 golfcart_concept2-1 golfcart_concept6": 0.4704545454545454, "3 golfcart_concept4-1 golfcart_concept6": 0.45862068965517233, "3 golfcart_concept5-1 golfcart_concept6": 0.491304347826087, "3 golfcart_concept3-1 golfcart_concept6": 0.48999999999999994, "3 golfcart_concept1-1 golfcart_concept6": 0.5375000000000001, "3 golfcart_concept6-1 golfcart_concept4": 0.5576923076923076, "3 golfcart_concept2-1 golfcart_concept4": 0.5227272727272727, "3 golfcart_concept4-1 golfcart_concept4": 0.4568965517241379, "3 golfcart_concept5-1 golfcart_concept4": 0.5456521739130435, "3 golfcart_concept3-1 golfcart_concept4": 0.496, "3 golfcart_concept1-1 golfcart_concept4": 0.4946428571428572, "3 golfcart_concept6-1 random_discovery": 0.49423076923076925, "3 golfcart_concept2-1 random_discovery": 0.49318181818181817, "3 golfcart_concept4-1 random_discovery": 0.5051724137931035, "3 golfcart_concept5-1 random_discovery": 0.5065217391304347, "3 golfcart_concept3-1 random_discovery": 0.484, "3 golfcart_concept1-1 random_discovery": 0.4642857142857143}, "3": {"9 golfcart_concept3-3 golfcart_concept6": 0.4416666666666666, "9 golfcart_concept5-3 golfcart_concept6": 0.2761904761904762, "9 golfcart_concept1-3 golfcart_concept6": 0.3804347826086957, "9 golfcart_concept2-3 golfcart_concept6": 0.3058823529411765, "9 golfcart_concept4-3 golfcart_concept6": 0.4227272727272727, "9 golfcart_concept3-3 golfcart_concept2": 0.5027777777777778, "9 golfcart_concept5-3 golfcart_concept2": 0.29761904761904756, "9 golfcart_concept1-3 golfcart_concept2": 0.36086956521739133, "9 golfcart_concept2-3 golfcart_concept2": 0.3264705882352941, "9 golfcart_concept4-3 golfcart_concept2": 0.46818181818181814, "9 golfcart_concept3-3 golfcart_concept4": 0.47222222222222215, "9 golfcart_concept5-3 golfcart_concept4": 0.2857142857142857, "9 golfcart_concept1-3 golfcart_concept4": 0.3760869565217391, "9 golfcart_concept2-3 golfcart_concept4": 0.34411764705882353, "9 golfcart_concept4-3 golfcart_concept4": 0.4454545454545453, "9 golfcart_concept3-3 golfcart_concept5": 0.4916666666666667, "9 golfcart_concept5-3 golfcart_concept5": 0.3023809523809524, "9 golfcart_concept1-3 golfcart_concept5": 0.38913043478260867, "9 golfcart_concept2-3 golfcart_concept5": 0.36470588235294116, "9 golfcart_concept4-3 golfcart_concept5": 0.5636363636363636, "9 golfcart_concept3-3 golfcart_concept3": 0.4722222222222222, "9 golfcart_concept5-3 golfcart_concept3": 0.3214285714285714, "9 golfcart_concept1-3 golfcart_concept3": 0.37826086956521743, "9 golfcart_concept2-3 golfcart_concept3": 0.3294117647058823, "9 golfcart_concept4-3 golfcart_concept3": 0.5227272727272727, "9 golfcart_concept3-3 golfcart_concept1": 0.5083333333333333, "9 golfcart_concept5-3 golfcart_concept1": 0.3761904761904761, "9 golfcart_concept1-3 golfcart_concept1": 0.38913043478260867, "9 golfcart_concept2-3 golfcart_concept1": 0.4, "9 golfcart_concept4-3 golfcart_concept1": 0.5590909090909091, "9 golfcart_concept3-3 random_discovery": 0.5777777777777777, "9 golfcart_concept5-3 random_discovery": 0.5214285714285715, "9 golfcart_concept1-3 random_discovery": 0.4782608695652174, "9 golfcart_concept2-3 random_discovery": 0.47058823529411764, "9 golfcart_concept4-3 random_discovery": 0.5545454545454546}, "9": {"15 golfcart_concept1-9 golfcart_concept3": 0.575, "15 golfcart_concept2-9 golfcart_concept3": 0.6333333333333334, "15 golfcart_concept1-9 golfcart_concept5": 0.7, "15 golfcart_concept2-9 golfcart_concept5": 0.5722222222222222, "15 golfcart_concept1-9 golfcart_concept1": 0.75, "15 golfcart_concept2-9 golfcart_concept1": 0.6611111111111112, "15 golfcart_concept1-9 golfcart_concept2": 0.5666666666666667, "15 golfcart_concept2-9 golfcart_concept2": 0.6722222222222223, "15 golfcart_concept1-9 golfcart_concept4": 0.6833333333333333, "15 golfcart_concept2-9 golfcart_concept4": 0.7333333333333332, "15 golfcart_concept1-9 random_discovery": 0.575, "15 golfcart_concept2-9 random_discovery": 0.6055555555555555}, "15": {"class golfcart-15 golfcart_concept1": 1.0, "class golfcart-15 golfcart_concept2": 0.5750000000000001, "class golfcart-15 random_discovery": 0.3309999999999999}},